empresa,codigoarticulo,codigoparticular,articulo,rubro,costo,preciopublico,marca,superrubro,gruposuperrubro,familia,ult_fechaingreso,color,silueta,sitioparapublicar,porcentajedescuento,web
Emp1,1,704294365-1,Zapatillas de Trail Adidas Khaki,Moda,$211178.48,$211178.48,Adidas,Mujer,General,Q1 24,8/6/2024,Khaki,Calzado,,,
Emp1,2,923156516-8,Jogger Deportivo Under Armour Aquamarine,Moda,$158749.24,$158749.24,Under Armour,Hombre,Accesorios,Q2 24,26/1/2024,Aquamarine,Pantalon,,,
Emp2,3,275403922-8,Botines de Fútbol Adidas Goldenrod,Moda,$366926.46,$366926.46,Adidas,Hombre,General,Q3 24,8/8/2024,Goldenrod,Calzado,,,
Emp2,4,599113670-X,Remera de Compresión Adidas Blue,Moda,$379788.51,$379788.51,Adidas,Niños,General,Q4 24,29/12/2024,Blue,Remera,,,
Emp1,5,716768490-2,Zapatillas de Trail Adidas Maroon,Moda,$711497.67,$711497.67,Adidas,Hombre,General,Q1 24,13/9/2024,Maroon,Calzado,,,
Emp1,6,662404662-7,Zapatillas de Trail Adidas Green,Running,$98326.41,$98326.41,Adidas,Mujer,Accesorios,Q2 24,26/4/2024,Green,Calzado,,,
Emp1,7,351460790-7,Zapatillas de Basket Under Armour Violet,Moda,$226134.83,$226134.83,Under Armour,Mujer,General,Q3 24,31/7/2024,Violet,Calzado,,,
Emp1,8,082613478-5,Pantalón Deportivo Nike Crimson,Moda,$610268.84,$610268.84,Nike,Hombre,General,Q4 24,13/1/2024,Crimson,Pantalon,,20.0,
Emp2,9,795048851-4,Remera de Running Adidas Red,Moda,$391098.97,$391098.97,Adidas,Hombre,General,Q1 24,23/11/2024,Red,Remera,,46.0,
Emp1,10,207950672-2,Remera de Running Nike Goldenrod,Moda,$186575.12,$186575.12,Nike,Hombre,General,Q2 24,18/2/2024,Goldenrod,Remera,,,
Emp1,11,637938760-9,Zapatillas de Trail Nike Blue,Running,$375612.62,$375612.62,Nike,Mujer,General,Q3 24,26/12/2024,Blue,Calzado,,,
Emp2,12,597681139-6,Zapatillas de Basket Nike Aquamarine,Moda,$562265.82,$562265.82,Nike,Mujer,General,Q4 24,15/5/2024,Aquamarine,Calzado,,38.0,
Emp1,13,425047690-1,Pantalón de Entrenamiento Adidas Yellow,Moda,$304122.72,$304122.72,Adidas,Mujer,General,Q1 24,4/8/2024,Yellow,Pantalon,,,
Emp2,14,956122238-8,Remera de Compresión Adidas Aquamarine,Moda,$600292.60,$600292.60,Adidas,Mujer,General,Q2 24,30/9/2024,Aquamarine,Remera,,,
Emp2,15,101891850-7,Zapatillas Running Adidas Green,Moda,$332655.50,$332655.50,Adidas,Mujer,General,Q3 24,31/1/2024,Green,Calzado,,48.0,
Emp2,16,199924492-3,Pantalón Deportivo Adidas Khaki,Running,$602507.93,$602507.93,Adidas,Hombre,General,Q4 24,9/11/2024,Khaki,Pantalon,,,
Emp2,17,619546601-8,Remera de Running Adidas Purple,Running,$64323.81,$64323.81,Adidas,Hombre,General,Q1 24,6/5/2024,Purple,Remera,,,
Emp1,18,509862398-7,Jogger Deportivo Under Armour Maroon,Moda,$904918.50,$904918.50,Under Armour,Hombre,General,Q2 24,27/4/2024,Maroon,Pantalon,,,
Emp1,19,380488577-2,Zapatillas Running Adidas Indigo,Moda,$586411.39,$586411.39,Adidas,Mujer,General,Q3 24,30/1/2024,Indigo,Calzado,,23.0,
Emp2,20,022871299-8,Pantalón Deportivo Under Armour Pink,Running,$552426.12,$552426.12,Under Armour,Hombre,General,Q4 24,18/2/2024,Pink,Pantalon,,28.0,
Emp2,21,243961690-7,Camiseta Técnica Adidas Teal,Moda,$379800.01,$379800.01,Adidas,Mujer,Accesorios,Q1 24,21/6/2024,Teal,Remera,,,
Emp1,22,061313152-5,Pantalón de Entrenamiento Adidas Blue,Moda,$878589.91,$878589.91,Adidas,Mujer,General,Q2 24,29/12/2024,Blue,Pantalon,,,
Emp2,23,366451144-1,Zapatillas de Basket Adidas Crimson,Running,$135609.72,$135609.72,Adidas,Mujer,General,Q3 24,16/7/2024,Crimson,Calzado,,44.0,
Emp2,24,954717269-7,Jogger Deportivo Adidas Yellow,Running,$212004.99,$212004.99,Adidas,Hombre,Accesorios,Q4 24,24/2/2024,Yellow,Pantalon,,,
Emp1,25,780192867-9,Jogger Deportivo Adidas Green,Moda,$282496.03,$282496.03,Adidas,Mujer,General,Q1 24,19/9/2024,Green,Pantalon,,1.0,
Emp1,26,118413385-9,Remera de Compresión Adidas Mauv,Running,$113457.13,$113457.13,Adidas,Mujer,General,Q2 24,30/8/2024,Mauv,Remera,,,
Emp2,27,186842568-1,Remera de Running Under Armour Indigo,Moda,$182881.09,$182881.09,Under Armour,Mujer,Accesorios,Q3 24,6/10/2024,Indigo,Remera,,4.0,
Emp1,28,378340684-6,Zapatillas de Trail Nike Mauv,Running,$134701.94,$134701.94,Nike,Mujer,General,Q4 24,24/2/2024,Mauv,Calzado,,,
Emp2,29,784226565-8,Camiseta Técnica Under Armour Turquoise,Running,$294506.54,$294506.54,Under Armour,Hombre,General,Q1 24,17/9/2024,Turquoise,Remera,,,
Emp1,30,204747896-0,Jogger Deportivo Nike Maroon,Moda,$620693.49,$620693.49,Nike,Mujer,General,Q2 24,22/1/2024,Maroon,Pantalon,,,
Emp2,31,724243147-6,Camiseta Técnica Under Armour Teal,Moda,$361338.13,$361338.13,Under Armour,Mujer,Accesorios,Q3 24,29/1/2024,Teal,Remera,,2.0,
Emp1,32,840152202-1,Botines de Fútbol Adidas Khaki,Moda,$997008.15,$997008.15,Adidas,Mujer,General,Q4 24,9/9/2024,Khaki,Calzado,,,
Emp2,33,633068701-3,Remera de Compresión Adidas Blue,Running,$859870.74,$859870.74,Adidas,Hombre,General,Q1 24,6/5/2024,Blue,Remera,,,
Emp2,34,329260954-2,Jogger Deportivo Adidas Aquamarine,Running,$8647.45,$8647.45,Adidas,Niños,General,Q2 24,17/7/2024,Aquamarine,Pantalon,,,
Emp1,35,954529232-6,Botines de Fútbol Nike Green,Moda,$728737.88,$728737.88,Nike,Hombre,General,Q3 24,17/5/2024,Green,Calzado,,,
Emp2,36,194335112-0,Camiseta Técnica Adidas Purple,Moda,$351626.28,$351626.28,Adidas,Mujer,General,Q4 24,11/4/2024,Purple,Remera,,45.0,
Emp2,37,376936850-9,Camiseta Técnica Adidas Maroon,Moda,$670500.88,$670500.88,Adidas,Mujer,General,Q1 24,2/8/2024,Maroon,Remera,,,
Emp2,38,906662294-6,Camiseta Técnica Nike Maroon,Moda,$775370.00,$775370.00,Nike,Hombre,General,Q2 24,22/12/2024,Maroon,Remera,,,
Emp2,39,464097279-2,Botines de Fútbol Nike Mauv,Moda,$608227.49,$608227.49,Nike,Mujer,General,Q3 24,3/12/2024,Mauv,Calzado,,,
Emp1,40,781180293-7,Camiseta Técnica Nike Maroon,Moda,$683465.56,$683465.56,Nike,Hombre,General,Q4 24,5/6/2024,Maroon,Remera,,,
Emp1,41,638836646-5,Pantalón Deportivo Nike Orange,Moda,$19689.90,$19689.90,Nike,Niños,General,Q1 24,19/5/2024,Orange,Pantalon,,,
Emp2,42,287422385-9,Remera de Compresión Nike Purple,Moda,$940416.39,$940416.39,Nike,Mujer,General,Q2 24,22/3/2024,Purple,Remera,,,
Emp2,43,936689876-9,Pantalón de Entrenamiento Nike Goldenrod,Moda,$64902.28,$64902.28,Nike,Hombre,General,Q3 24,9/5/2024,Goldenrod,Pantalon,,,
Emp1,44,494000004-4,Camiseta Técnica Nike Crimson,Running,$773652.95,$773652.95,Nike,Mujer,General,Q4 24,16/11/2024,Crimson,Remera,,40.0,
Emp2,45,472523557-1,Pantalón Deportivo Nike Fuscia,Moda,$219038.07,$219038.07,Nike,Niños,General,Q1 24,24/2/2024,Fuscia,Pantalon,,,
Emp1,46,308651802-2,Pantalón Deportivo Under Armour Maroon,Deporte,$80234.64,$80234.64,Under Armour,Mujer,General,Q2 24,12/10/2024,Maroon,Pantalon,,26.0,
Emp1,47,893637173-8,Pantalón de Entrenamiento Under Armour Violet,Moda,$10001.56,$10001.56,Under Armour,Niños,General,Q3 24,22/5/2024,Violet,Pantalon,,,
Emp2,48,125121246-8,Pantalón de Entrenamiento Under Armour Indigo,Moda,$590177.98,$590177.98,Under Armour,Mujer,General,Q4 24,12/6/2024,Indigo,Pantalon,,,
Emp1,49,366023302-1,Zapatillas Running Adidas Crimson,Deporte,$307470.63,$307470.63,Adidas,Mujer,General,Q1 24,7/6/2024,Crimson,Calzado,,,
Emp2,50,569484750-4,Pantalón de Entrenamiento Adidas Mauv,Deporte,$866947.65,$866947.65,Adidas,Hombre,Accesorios,Q2 24,16/8/2024,Mauv,Pantalon,,,
Emp2,51,750077709-4,Pantalón Deportivo Nike Mauv,Moda,$561516.66,$561516.66,Nike,Niños,General,Q3 24,28/5/2024,Mauv,Pantalon,,,
Emp1,52,215579979-9,Remera de Running Adidas Puce,Running,$234386.84,$234386.84,Adidas,Hombre,General,Q4 24,23/11/2024,Puce,Remera,,50.0,
Emp2,53,658335650-3,Zapatillas de Basket Adidas Purple,Moda,$829160.47,$829160.47,Adidas,Hombre,General,Q1 24,11/8/2024,Purple,Calzado,,,
Emp1,54,547110613-X,Remera de Running Nike Aquamarine,Running,$381738.39,$381738.39,Nike,Mujer,General,Q2 24,20/3/2024,Aquamarine,Remera,,,
Emp2,55,993262171-4,Camiseta Técnica Nike Purple,Moda,$115172.32,$115172.32,Nike,Mujer,Accesorios,Q3 24,30/9/2024,Purple,Remera,,,
Emp1,56,246562491-1,Zapatillas de Trail Nike Fuscia,Running,$853621.42,$853621.42,Nike,Mujer,General,Q4 24,14/7/2024,Fuscia,Calzado,,,
Emp1,57,705030141-8,Jogger Deportivo Adidas Green,Moda,$43406.24,$43406.24,Adidas,Mujer,General,Q1 24,27/4/2024,Green,Pantalon,,,
Emp2,58,377682933-8,Remera de Running Nike Mauv,Moda,$453366.35,$453366.35,Nike,Mujer,General,Q2 24,10/5/2024,Mauv,Remera,,,
Emp1,59,265488830-4,Pantalón de Entrenamiento Under Armour Goldenrod,Running,$911863.74,$911863.74,Under Armour,Hombre,General,Q3 24,24/6/2024,Goldenrod,Pantalon,,,
Emp1,60,258700130-7,Zapatillas de Trail Adidas Puce,Running,$201430.72,$201430.72,Adidas,Mujer,General,Q4 24,29/4/2024,Puce,Calzado,,,
Emp1,61,395596398-5,Zapatillas de Basket Adidas Purple,Moda,$633199.43,$633199.43,Adidas,Hombre,General,Q1 24,8/10/2024,Purple,Calzado,,,
Emp2,62,330833117-9,Jogger Deportivo Adidas Red,Moda,$297688.36,$297688.36,Adidas,Hombre,General,Q2 24,22/8/2024,Red,Pantalon,,,
Emp2,63,263421367-0,Pantalón de Entrenamiento Nike Aquamarine,Deporte,$907954.07,$907954.07,Nike,Mujer,General,Q3 24,5/10/2024,Aquamarine,Pantalon,,,
Emp2,64,782783134-6,Pantalón Deportivo Adidas Crimson,Moda,$918296.47,$918296.47,Adidas,Hombre,General,Q4 24,10/11/2024,Crimson,Pantalon,,,
Emp1,65,604505944-1,Zapatillas Running Adidas Red,Moda,$638839.14,$638839.14,Adidas,Mujer,General,Q1 24,15/10/2024,Red,Calzado,,,
Emp1,66,681913453-3,Pantalón Deportivo Adidas Teal,Moda,$642070.01,$642070.01,Adidas,Mujer,General,Q2 24,28/2/2024,Teal,Pantalon,,,
Emp2,67,695377387-1,Camiseta Técnica Adidas Blue,Moda,$831824.29,$831824.29,Adidas,Mujer,Accesorios,Q3 24,5/9/2024,Blue,Remera,,,
Emp2,68,093482139-9,Zapatillas de Basket Under Armour Crimson,Running,$646648.39,$646648.39,Under Armour,Mujer,General,Q4 24,21/1/2024,Crimson,Calzado,,4.0,
Emp1,69,680096173-6,Botines de Fútbol Adidas Goldenrod,Moda,$932396.13,$932396.13,Adidas,Niños,General,Q1 24,22/6/2024,Goldenrod,Calzado,,,
Emp1,70,285272728-5,Pantalón de Entrenamiento Adidas Pink,Moda,$355938.43,$355938.43,Adidas,Mujer,General,Q2 24,28/8/2024,Pink,Pantalon,,,
Emp1,71,439953290-4,Zapatillas de Basket Nike Turquoise,Moda,$741988.96,$741988.96,Nike,Mujer,General,Q3 24,24/12/2024,Turquoise,Calzado,,,
Emp1,72,802355334-8,Botines de Fútbol Under Armour Purple,Deporte,$127848.06,$127848.06,Under Armour,Mujer,General,Q4 24,27/5/2024,Purple,Calzado,,,
Emp1,73,802049483-9,Botines de Fútbol Adidas Turquoise,Moda,$614865.36,$614865.36,Adidas,Niños,General,Q1 24,24/1/2024,Turquoise,Calzado,,42.0,
Emp1,74,499439460-1,Jogger Deportivo Nike Purple,Moda,$664861.70,$664861.70,Nike,Mujer,General,Q2 24,19/12/2024,Purple,Pantalon,,,
Emp1,75,295712580-3,Remera de Compresión Adidas Green,Moda,$172612.22,$172612.22,Adidas,Hombre,General,Q3 24,27/3/2024,Green,Remera,,,
Emp1,76,890786912-X,Camiseta Técnica Adidas Blue,Running,$739695.96,$739695.96,Adidas,Hombre,General,Q4 24,12/2/2024,Blue,Remera,,,
Emp2,77,553151547-2,Botines de Fútbol Adidas Khaki,Running,$994585.93,$994585.93,Adidas,Mujer,General,Q1 24,20/4/2024,Khaki,Calzado,,,
Emp1,78,329633900-0,Remera de Running Adidas Khaki,Deporte,$587158.49,$587158.49,Adidas,Niños,General,Q2 24,12/6/2024,Khaki,Remera,,,
Emp1,79,449069231-5,Zapatillas Running Nike Puce,Moda,$396727.09,$396727.09,Nike,Hombre,General,Q3 24,30/11/2024,Puce,Calzado,,,
Emp1,80,393445888-2,Zapatillas Running Nike Maroon,Running,$605860.53,$605860.53,Nike,Mujer,General,Q4 24,8/8/2024,Maroon,Calzado,,,
Emp2,81,316734277-3,Remera de Running Adidas Green,Moda,$839177.25,$839177.25,Adidas,Mujer,General,Q1 24,20/8/2024,Green,Remera,,,
Emp1,82,274708645-3,Jogger Deportivo Adidas Goldenrod,Moda,$895519.96,$895519.96,Adidas,Mujer,General,Q2 24,25/4/2024,Goldenrod,Pantalon,,,
Emp1,83,111000518-0,Camiseta Técnica Adidas Purple,Moda,$691459.23,$691459.23,Adidas,Hombre,General,Q3 24,17/5/2024,Purple,Remera,,,
Emp2,84,382920074-9,Jogger Deportivo Adidas Puce,Moda,$557738.86,$557738.86,Adidas,Mujer,General,Q4 24,1/6/2024,Puce,Pantalon,,,
Emp2,85,229074161-2,Pantalón Deportivo Adidas Pink,Moda,$248962.12,$248962.12,Adidas,Mujer,General,Q1 24,17/9/2024,Pink,Pantalon,,17.0,
Emp1,86,674367527-X,Botines de Fútbol Adidas Fuscia,Moda,$544934.32,$544934.32,Adidas,Hombre,Accesorios,Q2 24,24/6/2024,Fuscia,Calzado,,,
Emp2,87,314187053-5,Zapatillas de Trail Adidas Orange,Running,$868158.28,$868158.28,Adidas,Mujer,General,Q3 24,29/3/2024,Orange,Calzado,,,
Emp2,88,025276845-0,Pantalón Deportivo Adidas Pink,Moda,$368324.75,$368324.75,Adidas,Mujer,General,Q4 24,1/9/2024,Pink,Pantalon,,,
Emp2,89,069135474-X,Pantalón Deportivo Under Armour Turquoise,Running,$993755.95,$993755.95,Under Armour,Mujer,General,Q1 24,17/11/2024,Turquoise,Pantalon,,,
Emp1,90,970625599-0,Zapatillas Running Nike Goldenrod,Running,$4602.35,$4602.35,Nike,Mujer,General,Q2 24,3/4/2024,Goldenrod,Calzado,,7.0,
Emp2,91,788394317-0,Pantalón Deportivo Under Armour Orange,Running,$621061.10,$621061.10,Under Armour,Mujer,General,Q3 24,17/9/2024,Orange,Pantalon,,,
Emp1,92,361086600-4,Pantalón Deportivo Adidas Aquamarine,Moda,$12969.45,$12969.45,Adidas,Hombre,General,Q4 24,20/12/2024,Aquamarine,Pantalon,,,
Emp1,93,477014506-3,Remera de Running Adidas Red,Moda,$448724.49,$448724.49,Adidas,Mujer,General,Q1 24,17/8/2024,Red,Remera,,,
Emp1,94,481374134-7,Botines de Fútbol Adidas Goldenrod,Running,$745344.45,$745344.45,Adidas,Hombre,General,Q2 24,11/12/2024,Goldenrod,Calzado,,38.0,
Emp1,95,997676172-4,Remera de Running Adidas Pink,Moda,$325641.95,$325641.95,Adidas,Mujer,General,Q3 24,14/4/2024,Pink,Remera,,11.0,
Emp2,96,391943566-4,Zapatillas Running Nike Green,Running,$777156.58,$777156.58,Nike,Mujer,Accesorios,Q4 24,28/11/2024,Green,Calzado,,18.0,
Emp2,97,013487401-3,Pantalón de Entrenamiento Adidas Goldenrod,Moda,$750584.84,$750584.84,Adidas,Hombre,General,Q1 24,8/11/2024,Goldenrod,Pantalon,,,
Emp2,98,657441081-9,Remera de Compresión Nike Fuscia,Moda,$153108.68,$153108.68,Nike,Hombre,General,Q2 24,10/12/2024,Fuscia,Remera,,,
Emp2,99,349194528-3,Remera de Running Under Armour Violet,Running,$672644.55,$672644.55,Under Armour,Hombre,General,Q3 24,24/10/2024,Violet,Remera,,,
Emp2,100,540758732-7,Zapatillas de Basket Adidas Khaki,Moda,$720965.73,$720965.73,Adidas,Mujer,Accesorios,Q4 24,16/2/2024,Khaki,Calzado,,32.0,
Emp2,101,302707164-5,Pantalón Deportivo Nike Puce,Deporte,$815042.37,$815042.37,Nike,Mujer,General,Q1 24,2/6/2024,Puce,Pantalon,,25.0,
Emp1,102,366474344-X,Pantalón Deportivo Adidas Blue,Running,$925374.01,$925374.01,Adidas,Mujer,Accesorios,Q2 24,15/5/2024,Blue,Pantalon,,,
Emp2,103,615144230-X,Botines de Fútbol Adidas Crimson,Moda,$557860.97,$557860.97,Adidas,Mujer,General,Q3 24,4/11/2024,Crimson,Calzado,,,
Emp1,104,458649133-7,Zapatillas de Basket Nike Mauv,Moda,$836169.78,$836169.78,Nike,Mujer,General,Q4 24,11/9/2024,Mauv,Calzado,,,
Emp2,105,907991669-2,Camiseta Técnica Adidas Aquamarine,Moda,$14915.31,$14915.31,Adidas,Mujer,General,Q1 24,18/2/2024,Aquamarine,Remera,,1.0,
Emp2,106,791617075-2,Camiseta Técnica Adidas Red,Moda,$303903.30,$303903.30,Adidas,Niños,General,Q2 24,17/2/2024,Red,Remera,,45.0,
Emp1,107,577229339-7,Remera de Compresión Under Armour Khaki,Deporte,$976284.61,$976284.61,Under Armour,Hombre,General,Q3 24,22/2/2024,Khaki,Remera,,,
Emp2,108,184088793-1,Jogger Deportivo Adidas Goldenrod,Deporte,$588909.28,$588909.28,Adidas,Hombre,Accesorios,Q4 24,14/3/2024,Goldenrod,Pantalon,,18.0,
Emp1,109,884625998-X,Zapatillas de Trail Under Armour Red,Moda,$770370.23,$770370.23,Under Armour,Mujer,General,Q1 24,27/1/2024,Red,Calzado,,,
Emp2,110,480336184-3,Pantalón de Entrenamiento Adidas Puce,Moda,$229491.44,$229491.44,Adidas,Hombre,General,Q2 24,21/4/2024,Puce,Pantalon,,19.0,
Emp2,111,520043849-7,Botines de Fútbol Under Armour Fuscia,Moda,$539729.36,$539729.36,Under Armour,Mujer,General,Q3 24,13/3/2024,Fuscia,Calzado,,,
Emp2,112,971963663-7,Jogger Deportivo Adidas Green,Moda,$172161.29,$172161.29,Adidas,Hombre,General,Q4 24,4/1/2024,Green,Pantalon,,,
Emp2,113,814007937-5,Botines de Fútbol Nike Khaki,Running,$149323.22,$149323.22,Nike,Hombre,General,Q1 24,19/2/2024,Khaki,Calzado,,,
Emp1,114,760145298-0,Jogger Deportivo Adidas Violet,Moda,$840887.72,$840887.72,Adidas,Niños,General,Q2 24,31/8/2024,Violet,Pantalon,,,
Emp2,115,294717595-6,Camiseta Técnica Nike Crimson,Moda,$820706.39,$820706.39,Nike,Hombre,General,Q3 24,4/7/2024,Crimson,Remera,,,
Emp2,116,343631208-8,Remera de Compresión Nike Red,Running,$349895.71,$349895.71,Nike,Niños,Accesorios,Q4 24,10/12/2024,Red,Remera,,,
Emp2,117,883371219-2,Remera de Compresión Adidas Violet,Deporte,$123990.08,$123990.08,Adidas,Mujer,General,Q1 24,16/6/2024,Violet,Remera,,,
Emp1,118,604371299-7,Camiseta Técnica Adidas Mauv,Deporte,$155839.55,$155839.55,Adidas,Hombre,General,Q2 24,11/11/2024,Mauv,Remera,,,
Emp1,119,749744352-6,Remera de Compresión Under Armour Mauv,Moda,$568808.61,$568808.61,Under Armour,Hombre,General,Q3 24,5/8/2024,Mauv,Remera,,,
Emp2,120,097135112-0,Remera de Running Adidas Crimson,Running,$125444.26,$125444.26,Adidas,Mujer,General,Q4 24,11/10/2024,Crimson,Remera,,,
Emp1,121,518942872-9,Botines de Fútbol Nike Fuscia,Running,$641054.20,$641054.20,Nike,Mujer,General,Q1 24,7/7/2024,Fuscia,Calzado,,,
Emp1,122,717154654-3,Zapatillas de Trail Adidas Turquoise,Moda,$200563.44,$200563.44,Adidas,Mujer,General,Q2 24,26/6/2024,Turquoise,Calzado,,,
Emp1,123,159426197-0,Pantalón Deportivo Nike Aquamarine,Moda,$580695.46,$580695.46,Nike,Niños,General,Q3 24,28/10/2024,Aquamarine,Pantalon,,,
Emp1,124,190687922-2,Jogger Deportivo Adidas Orange,Running,$459650.83,$459650.83,Adidas,Hombre,Accesorios,Q4 24,10/9/2024,Orange,Pantalon,,,
Emp2,125,230872699-7,Camiseta Técnica Nike Teal,Running,$437321.71,$437321.71,Nike,Mujer,General,Q1 24,7/1/2024,Teal,Remera,,14.0,
Emp2,126,880308809-1,Zapatillas de Basket Nike Teal,Moda,$647985.53,$647985.53,Nike,Mujer,Accesorios,Q2 24,22/5/2024,Teal,Calzado,,,
Emp2,127,760389741-6,Zapatillas de Trail Nike Aquamarine,Moda,$158062.02,$158062.02,Nike,Hombre,General,Q3 24,10/12/2024,Aquamarine,Calzado,,,
Emp2,128,863824440-1,Camiseta Técnica Adidas Fuscia,Moda,$547871.54,$547871.54,Adidas,Hombre,General,Q4 24,30/11/2024,Fuscia,Remera,,2.0,
Emp1,129,237629715-X,Camiseta Técnica Adidas Crimson,Moda,$60361.62,$60361.62,Adidas,Mujer,General,Q1 24,13/3/2024,Crimson,Remera,,,
Emp1,130,579716555-4,Pantalón de Entrenamiento Under Armour Blue,Moda,$580887.50,$580887.50,Under Armour,Mujer,Accesorios,Q2 24,14/4/2024,Blue,Pantalon,,,
Emp2,131,004249225-4,Zapatillas de Trail Adidas Teal,Running,$822420.97,$822420.97,Adidas,Hombre,General,Q3 24,8/9/2024,Teal,Calzado,,,
Emp2,132,561953327-1,Pantalón Deportivo Adidas Pink,Running,$96066.12,$96066.12,Adidas,Hombre,General,Q4 24,27/7/2024,Pink,Pantalon,,,
Emp1,133,879838545-3,Remera de Running Nike Teal,Running,$48140.05,$48140.05,Nike,Hombre,General,Q1 24,22/4/2024,Teal,Remera,,,
Emp1,134,517860029-0,Jogger Deportivo Adidas Yellow,Moda,$573627.92,$573627.92,Adidas,Hombre,General,Q2 24,1/3/2024,Yellow,Pantalon,,,
Emp1,135,444936040-0,Zapatillas de Trail Adidas Turquoise,Moda,$905778.43,$905778.43,Adidas,Mujer,General,Q3 24,2/12/2024,Turquoise,Calzado,,,
Emp2,136,710489084-X,Zapatillas Running Nike Blue,Moda,$10240.30,$10240.30,Nike,Mujer,Accesorios,Q4 24,1/12/2024,Blue,Calzado,,7.0,
Emp2,137,086334507-7,Zapatillas Running Adidas Green,Moda,$236284.60,$236284.60,Adidas,Mujer,General,Q1 24,21/1/2024,Green,Calzado,,,
Emp2,138,659052907-8,Remera de Running Adidas Yellow,Deporte,$883352.78,$883352.78,Adidas,Mujer,General,Q2 24,28/8/2024,Yellow,Remera,,,
Emp2,139,178032235-6,Pantalón de Entrenamiento Under Armour Pink,Moda,$404139.37,$404139.37,Under Armour,Hombre,General,Q3 24,16/8/2024,Pink,Pantalon,,2.0,
Emp1,140,350501066-9,Remera de Compresión Nike Yellow,Running,$250233.81,$250233.81,Nike,Niños,General,Q4 24,20/12/2024,Yellow,Remera,,,
Emp2,141,244819191-3,Remera de Compresión Nike Orange,Moda,$31486.30,$31486.30,Nike,Niños,General,Q1 24,29/10/2024,Orange,Remera,,,
Emp1,142,050788543-0,Zapatillas de Trail Nike Orange,Running,$884123.33,$884123.33,Nike,Hombre,General,Q2 24,23/11/2024,Orange,Calzado,,13.0,
Emp1,143,832950387-9,Zapatillas Running Nike Red,Running,$2517.46,$2517.46,Nike,Hombre,General,Q3 24,13/6/2024,Red,Calzado,,,
Emp1,144,585143601-8,Remera de Running Under Armour Khaki,Moda,$504596.91,$504596.91,Under Armour,Hombre,Accesorios,Q4 24,26/7/2024,Khaki,Remera,,,
Emp1,145,044560920-6,Pantalón de Entrenamiento Adidas Orange,Running,$271412.23,$271412.23,Adidas,Hombre,General,Q1 24,11/12/2024,Orange,Pantalon,,,
Emp2,146,526164117-9,Remera de Compresión Nike Aquamarine,Running,$299150.70,$299150.70,Nike,Mujer,General,Q2 24,20/5/2024,Aquamarine,Remera,,14.0,
Emp2,147,140687974-6,Zapatillas Running Adidas Mauv,Moda,$895204.95,$895204.95,Adidas,Mujer,General,Q3 24,5/3/2024,Mauv,Calzado,,,
Emp2,148,255680021-6,Zapatillas de Trail Adidas Orange,Moda,$361337.33,$361337.33,Adidas,Mujer,Accesorios,Q4 24,25/1/2024,Orange,Calzado,,,
Emp1,149,829647199-X,Zapatillas de Trail Nike Turquoise,Moda,$963950.71,$963950.71,Nike,Mujer,General,Q1 24,11/12/2024,Turquoise,Calzado,,,
Emp2,150,420965420-5,Pantalón Deportivo Adidas Aquamarine,Running,$373056.65,$373056.65,Adidas,Mujer,General,Q2 24,27/11/2024,Aquamarine,Pantalon,,45.0,
Emp2,151,398560788-5,Zapatillas de Basket Under Armour Mauv,Running,$896819.56,$896819.56,Under Armour,Hombre,General,Q3 24,5/6/2024,Mauv,Calzado,,,
Emp2,152,299142165-7,Remera de Compresión Adidas Yellow,Moda,$965239.54,$965239.54,Adidas,Niños,General,Q4 24,5/2/2024,Yellow,Remera,,,
Emp2,153,328426992-4,Zapatillas Running Adidas Maroon,Moda,$621674.21,$621674.21,Adidas,Hombre,General,Q1 24,29/12/2024,Maroon,Calzado,,,
Emp2,154,366420383-6,Remera de Compresión Under Armour Mauv,Moda,$85306.37,$85306.37,Under Armour,Mujer,Accesorios,Q2 24,30/10/2024,Mauv,Remera,,43.0,
Emp1,155,126313707-5,Jogger Deportivo Nike Green,Moda,$953674.92,$953674.92,Nike,Hombre,Accesorios,Q3 24,18/3/2024,Green,Pantalon,,,
Emp1,156,532058311-7,Botines de Fútbol Nike Mauv,Running,$849011.80,$849011.80,Nike,Mujer,General,Q4 24,5/9/2024,Mauv,Calzado,,,
Emp1,157,568877090-2,Zapatillas de Basket Adidas Violet,Running,$253162.29,$253162.29,Adidas,Mujer,General,Q1 24,14/8/2024,Violet,Calzado,,,
Emp1,158,286865959-4,Zapatillas de Basket Adidas Indigo,Moda,$392057.35,$392057.35,Adidas,Mujer,General,Q2 24,7/9/2024,Indigo,Calzado,,,
Emp1,159,111219021-X,Pantalón Deportivo Nike Puce,Deporte,$610363.48,$610363.48,Nike,Hombre,Accesorios,Q3 24,20/8/2024,Puce,Pantalon,,,
Emp2,160,294112295-8,Camiseta Técnica Adidas Teal,Moda,$714242.33,$714242.33,Adidas,Mujer,General,Q4 24,2/8/2024,Teal,Remera,,,
Emp2,161,265589120-1,Remera de Running Adidas Purple,Deporte,$95421.96,$95421.96,Adidas,Hombre,General,Q1 24,30/7/2024,Purple,Remera,,17.0,
Emp1,162,082198012-2,Botines de Fútbol Adidas Yellow,Running,$617585.54,$617585.54,Adidas,Mujer,General,Q2 24,14/4/2024,Yellow,Calzado,,,
Emp2,163,416594853-5,Pantalón Deportivo Nike Pink,Moda,$681203.98,$681203.98,Nike,Mujer,General,Q3 24,10/4/2024,Pink,Pantalon,,,
Emp1,164,733253289-1,Zapatillas Running Adidas Aquamarine,Moda,$332926.37,$332926.37,Adidas,Mujer,General,Q4 24,17/1/2024,Aquamarine,Calzado,,,
Emp2,165,089837862-1,Camiseta Técnica Adidas Fuscia,Running,$794732.53,$794732.53,Adidas,Mujer,General,Q1 24,25/9/2024,Fuscia,Remera,,31.0,
Emp1,166,811681489-3,Camiseta Técnica Adidas Maroon,Moda,$789627.54,$789627.54,Adidas,Hombre,Accesorios,Q2 24,9/5/2024,Maroon,Remera,,,
Emp2,167,904294916-3,Jogger Deportivo Adidas Puce,Moda,$730754.81,$730754.81,Adidas,Niños,General,Q3 24,18/11/2024,Puce,Pantalon,,,
Emp2,168,241848447-5,Remera de Compresión Under Armour Violet,Running,$980382.97,$980382.97,Under Armour,Mujer,General,Q4 24,13/3/2024,Violet,Remera,,7.0,
Emp2,169,452127711-X,Remera de Running Under Armour Pink,Moda,$222338.23,$222338.23,Under Armour,Mujer,General,Q1 24,29/4/2024,Pink,Remera,,,
Emp1,170,090523587-8,Zapatillas de Trail Adidas Maroon,Moda,$390459.40,$390459.40,Adidas,Hombre,General,Q2 24,27/5/2024,Maroon,Calzado,,,
Emp1,171,584235017-3,Botines de Fútbol Adidas Purple,Moda,$613704.51,$613704.51,Adidas,Mujer,General,Q3 24,4/10/2024,Purple,Calzado,,,
Emp2,172,294637545-5,Camiseta Técnica Adidas Indigo,Moda,$521430.66,$521430.66,Adidas,Hombre,General,Q4 24,9/1/2024,Indigo,Remera,,,
Emp2,173,683546279-5,Remera de Compresión Adidas Yellow,Moda,$748130.26,$748130.26,Adidas,Mujer,General,Q1 24,20/10/2024,Yellow,Remera,,46.0,
Emp1,174,560666449-6,Pantalón Deportivo Adidas Blue,Moda,$171569.11,$171569.11,Adidas,Mujer,General,Q2 24,5/12/2024,Blue,Pantalon,,18.0,
Emp2,175,637016159-4,Camiseta Técnica Adidas Aquamarine,Running,$320642.65,$320642.65,Adidas,Mujer,General,Q3 24,9/5/2024,Aquamarine,Remera,,,
Emp2,176,733531783-5,Remera de Compresión Adidas Puce,Moda,$415903.00,$415903.00,Adidas,Mujer,General,Q4 24,28/4/2024,Puce,Remera,,,
Emp1,177,180730720-4,Camiseta Técnica Under Armour Crimson,Moda,$693200.20,$693200.20,Under Armour,Mujer,General,Q1 24,30/8/2024,Crimson,Remera,,,
Emp1,178,250349891-4,Pantalón de Entrenamiento Under Armour Pink,Moda,$753049.44,$753049.44,Under Armour,Hombre,General,Q2 24,16/5/2024,Pink,Pantalon,,,
Emp1,179,076768216-5,Camiseta Técnica Under Armour Crimson,Moda,$955601.68,$955601.68,Under Armour,Mujer,General,Q3 24,23/7/2024,Crimson,Remera,,,
Emp1,180,692162784-5,Botines de Fútbol Adidas Blue,Running,$628110.09,$628110.09,Adidas,Mujer,General,Q4 24,16/4/2024,Blue,Calzado,,,
Emp2,181,782575938-9,Pantalón de Entrenamiento Adidas Green,Moda,$212869.66,$212869.66,Adidas,Mujer,General,Q1 24,21/11/2024,Green,Pantalon,,,
Emp1,182,958685479-5,Camiseta Técnica Under Armour Yellow,Running,$402277.94,$402277.94,Under Armour,Hombre,General,Q2 24,7/2/2024,Yellow,Remera,,,
Emp2,183,817121714-1,Pantalón Deportivo Nike Teal,Moda,$785011.51,$785011.51,Nike,Hombre,Accesorios,Q3 24,12/11/2024,Teal,Pantalon,,,
Emp1,184,244669424-1,Botines de Fútbol Adidas Green,Moda,$526037.64,$526037.64,Adidas,Hombre,General,Q4 24,31/7/2024,Green,Calzado,,,
Emp2,185,386884884-3,Zapatillas Running Adidas Blue,Moda,$165349.78,$165349.78,Adidas,Hombre,General,Q1 24,8/3/2024,Blue,Calzado,,47.0,
Emp2,186,408419913-3,Zapatillas Running Nike Khaki,Deporte,$304955.81,$304955.81,Nike,Mujer,Accesorios,Q2 24,28/9/2024,Khaki,Calzado,,,
Emp2,187,078681284-2,Pantalón Deportivo Nike Blue,Moda,$302051.95,$302051.95,Nike,Mujer,General,Q3 24,27/5/2024,Blue,Pantalon,,,
Emp2,188,823721074-3,Jogger Deportivo Nike Indigo,Moda,$60473.05,$60473.05,Nike,Mujer,General,Q4 24,25/12/2024,Indigo,Pantalon,,42.0,
Emp2,189,857158547-4,Camiseta Técnica Adidas Puce,Running,$402984.00,$402984.00,Adidas,Hombre,General,Q1 24,28/12/2024,Puce,Remera,,,
Emp1,190,872281501-5,Jogger Deportivo Under Armour Teal,Moda,$694935.86,$694935.86,Under Armour,Hombre,Accesorios,Q2 24,16/6/2024,Teal,Pantalon,,,
Emp2,191,726699571-X,Zapatillas Running Nike Mauv,Moda,$202822.09,$202822.09,Nike,Hombre,Accesorios,Q3 24,30/3/2024,Mauv,Calzado,,,
Emp2,192,866465702-5,Jogger Deportivo Nike Orange,Moda,$980366.71,$980366.71,Nike,Hombre,General,Q4 24,11/3/2024,Orange,Pantalon,,,
Emp1,193,405845895-X,Pantalón Deportivo Adidas Indigo,Moda,$894646.49,$894646.49,Adidas,Hombre,General,Q1 24,12/9/2024,Indigo,Pantalon,,,
Emp1,194,273437459-5,Jogger Deportivo Adidas Aquamarine,Moda,$191854.15,$191854.15,Adidas,Mujer,General,Q2 24,10/11/2024,Aquamarine,Pantalon,,,
Emp1,195,193712548-3,Pantalón de Entrenamiento Adidas Teal,Moda,$624749.82,$624749.82,Adidas,Mujer,General,Q3 24,9/2/2024,Teal,Pantalon,,18.0,
Emp1,196,907541846-9,Zapatillas de Basket Under Armour Fuscia,Moda,$312432.05,$312432.05,Under Armour,Mujer,General,Q4 24,23/12/2024,Fuscia,Calzado,,2.0,
Emp2,197,890285899-5,Remera de Running Adidas Turquoise,Moda,$755366.81,$755366.81,Adidas,Mujer,General,Q1 24,9/8/2024,Turquoise,Remera,,,
Emp2,198,269135979-4,Remera de Compresión Adidas Teal,Moda,$723134.49,$723134.49,Adidas,Niños,General,Q2 24,27/10/2024,Teal,Remera,,,
Emp1,199,606173966-4,Jogger Deportivo Adidas Pink,Deporte,$146291.11,$146291.11,Adidas,Mujer,General,Q3 24,1/11/2024,Pink,Pantalon,,,
Emp1,200,399803642-3,Zapatillas de Basket Adidas Green,Moda,$931587.72,$931587.72,Adidas,Hombre,Accesorios,Q4 24,9/3/2024,Green,Calzado,,19.0,
Emp1,201,755977124-6,Pantalón Deportivo Adidas Green,Moda,$978058.68,$978058.68,Adidas,Mujer,General,Q1 24,17/1/2024,Green,Pantalon,,,
Emp2,202,553442318-8,Pantalón de Entrenamiento Adidas Mauv,Moda,$139385.31,$139385.31,Adidas,Mujer,General,Q2 24,3/11/2024,Mauv,Pantalon,,18.0,
Emp2,203,087252351-9,Remera de Compresión Adidas Puce,Deporte,$176762.66,$176762.66,Adidas,Mujer,General,Q3 24,13/9/2024,Puce,Remera,,,
Emp2,204,420360169-X,Pantalón de Entrenamiento Under Armour Khaki,Moda,$118431.36,$118431.36,Under Armour,Hombre,General,Q4 24,9/11/2024,Khaki,Pantalon,,,
Emp2,205,827913321-6,Remera de Running Nike Green,Moda,$259629.73,$259629.73,Nike,Hombre,General,Q1 24,5/4/2024,Green,Remera,,,
Emp2,206,141168682-9,Jogger Deportivo Adidas Yellow,Moda,$93926.26,$93926.26,Adidas,Hombre,General,Q2 24,17/1/2024,Yellow,Pantalon,,42.0,
Emp1,207,506973277-3,Jogger Deportivo Adidas Blue,Running,$852630.51,$852630.51,Adidas,Hombre,General,Q3 24,11/8/2024,Blue,Pantalon,,,
Emp1,208,146611950-0,Remera de Running Nike Indigo,Running,$200829.78,$200829.78,Nike,Mujer,General,Q4 24,26/4/2024,Indigo,Remera,,,
Emp2,209,010331096-7,Botines de Fútbol Adidas Fuscia,Moda,$552079.64,$552079.64,Adidas,Hombre,Accesorios,Q1 24,23/6/2024,Fuscia,Calzado,,,
Emp1,210,757998331-1,Jogger Deportivo Adidas Indigo,Moda,$381473.82,$381473.82,Adidas,Niños,General,Q2 24,17/5/2024,Indigo,Pantalon,,6.0,
Emp2,211,035863496-2,Remera de Compresión Adidas Crimson,Moda,$401549.94,$401549.94,Adidas,Niños,General,Q3 24,5/4/2024,Crimson,Remera,,,
Emp2,212,779521854-7,Pantalón de Entrenamiento Adidas Goldenrod,Moda,$236551.09,$236551.09,Adidas,Hombre,General,Q4 24,25/10/2024,Goldenrod,Pantalon,,36.0,
Emp1,213,525542426-9,Pantalón Deportivo Adidas Indigo,Moda,$289446.51,$289446.51,Adidas,Mujer,General,Q1 24,11/7/2024,Indigo,Pantalon,,42.0,
Emp1,214,893908967-7,Remera de Compresión Adidas Yellow,Moda,$841729.66,$841729.66,Adidas,Mujer,General,Q2 24,15/8/2024,Yellow,Remera,,,
Emp1,215,517918994-2,Remera de Running Under Armour Violet,Deporte,$692210.82,$692210.82,Under Armour,Mujer,General,Q3 24,19/12/2024,Violet,Remera,,,
Emp1,216,693942575-6,Pantalón Deportivo Adidas Aquamarine,Running,$508953.45,$508953.45,Adidas,Hombre,General,Q4 24,8/3/2024,Aquamarine,Pantalon,,,
Emp1,217,303877799-4,Zapatillas de Trail Adidas Goldenrod,Running,$750410.01,$750410.01,Adidas,Niños,General,Q1 24,27/10/2024,Goldenrod,Calzado,,,
Emp1,218,011441883-7,Jogger Deportivo Under Armour Aquamarine,Moda,$141253.21,$141253.21,Under Armour,Hombre,General,Q2 24,5/1/2024,Aquamarine,Pantalon,,,
Emp2,219,891038288-0,Zapatillas de Trail Adidas Orange,Moda,$222649.16,$222649.16,Adidas,Niños,General,Q3 24,24/1/2024,Orange,Calzado,,,
Emp1,220,293954879-X,Botines de Fútbol Nike Purple,Moda,$233527.79,$233527.79,Nike,Niños,Accesorios,Q4 24,27/3/2024,Purple,Calzado,,,
Emp2,221,192941076-X,Remera de Compresión Adidas Pink,Moda,$259862.90,$259862.90,Adidas,Mujer,Accesorios,Q1 24,19/7/2024,Pink,Remera,,,
Emp2,222,873786338-X,Botines de Fútbol Adidas Violet,Moda,$931073.04,$931073.04,Adidas,Hombre,General,Q2 24,13/6/2024,Violet,Calzado,,10.0,
Emp2,223,643045678-1,Botines de Fútbol Adidas Pink,Moda,$259235.36,$259235.36,Adidas,Hombre,General,Q3 24,31/1/2024,Pink,Calzado,,35.0,
Emp1,224,421694389-6,Pantalón Deportivo Adidas Blue,Moda,$376872.16,$376872.16,Adidas,Hombre,General,Q4 24,27/1/2024,Blue,Pantalon,,,
Emp2,225,073619468-1,Pantalón Deportivo Adidas Fuscia,Moda,$585722.77,$585722.77,Adidas,Hombre,General,Q1 24,8/9/2024,Fuscia,Pantalon,,,
Emp1,226,834697427-2,Zapatillas de Basket Adidas Aquamarine,Moda,$756065.04,$756065.04,Adidas,Niños,General,Q2 24,17/2/2024,Aquamarine,Calzado,,,
Emp1,227,454621536-3,Jogger Deportivo Nike Puce,Moda,$68138.53,$68138.53,Nike,Hombre,General,Q3 24,6/5/2024,Puce,Pantalon,,,
Emp2,228,251347423-6,Camiseta Técnica Adidas Mauv,Running,$389323.53,$389323.53,Adidas,Mujer,General,Q4 24,10/5/2024,Mauv,Remera,,,
Emp2,229,221780082-5,Botines de Fútbol Adidas Blue,Moda,$733936.89,$733936.89,Adidas,Niños,General,Q1 24,10/8/2024,Blue,Calzado,,,
Emp1,230,903227982-3,Remera de Compresión Under Armour Teal,Moda,$708329.49,$708329.49,Under Armour,Niños,General,Q2 24,11/6/2024,Teal,Remera,,,
Emp2,231,018637083-0,Camiseta Técnica Nike Yellow,Deporte,$459438.87,$459438.87,Nike,Hombre,General,Q3 24,24/12/2024,Yellow,Remera,,1.0,
Emp2,232,119732759-2,Botines de Fútbol Adidas Turquoise,Running,$84118.09,$84118.09,Adidas,Hombre,General,Q4 24,23/1/2024,Turquoise,Calzado,,15.0,
Emp2,233,747972270-2,Zapatillas de Trail Adidas Crimson,Moda,$835596.12,$835596.12,Adidas,Mujer,General,Q1 24,3/3/2024,Crimson,Calzado,,6.0,
Emp1,234,738040988-3,Remera de Running Adidas Khaki,Moda,$184925.88,$184925.88,Adidas,Mujer,General,Q2 24,3/10/2024,Khaki,Remera,,,
Emp2,235,252218719-8,Zapatillas de Basket Adidas Indigo,Running,$933152.59,$933152.59,Adidas,Hombre,General,Q3 24,1/5/2024,Indigo,Calzado,,,
Emp1,236,508506783-5,Zapatillas Running Under Armour Red,Moda,$835939.39,$835939.39,Under Armour,Hombre,General,Q4 24,13/3/2024,Red,Calzado,,31.0,
Emp1,237,066958807-5,Jogger Deportivo Adidas Khaki,Moda,$747077.27,$747077.27,Adidas,Mujer,Accesorios,Q1 24,6/2/2024,Khaki,Pantalon,,,
Emp1,238,493585085-X,Remera de Running Adidas Purple,Moda,$396221.44,$396221.44,Adidas,Hombre,Accesorios,Q2 24,14/2/2024,Purple,Remera,,,
Emp1,239,128849286-3,Jogger Deportivo Under Armour Aquamarine,Moda,$786251.22,$786251.22,Under Armour,Hombre,General,Q3 24,18/8/2024,Aquamarine,Pantalon,,,
Emp1,240,927933185-X,Camiseta Técnica Nike Purple,Running,$762219.02,$762219.02,Nike,Mujer,General,Q4 24,26/6/2024,Purple,Remera,,,
Emp1,241,617810821-4,Zapatillas Running Adidas Teal,Moda,$76123.14,$76123.14,Adidas,Hombre,General,Q1 24,6/5/2024,Teal,Calzado,,,
Emp1,242,978047537-0,Pantalón Deportivo Adidas Mauv,Running,$546293.97,$546293.97,Adidas,Mujer,General,Q2 24,29/6/2024,Mauv,Pantalon,,,
Emp2,243,430731306-2,Camiseta Técnica Under Armour Fuscia,Running,$239494.27,$239494.27,Under Armour,Mujer,General,Q3 24,11/2/2024,Fuscia,Remera,,,
Emp1,244,060923148-0,Jogger Deportivo Adidas Khaki,Moda,$391582.23,$391582.23,Adidas,Mujer,Accesorios,Q4 24,6/10/2024,Khaki,Pantalon,,,
Emp2,245,295532841-3,Pantalón de Entrenamiento Nike Green,Moda,$464560.77,$464560.77,Nike,Hombre,Accesorios,Q1 24,19/3/2024,Green,Pantalon,,,
Emp1,246,608854697-2,Pantalón Deportivo Adidas Violet,Moda,$779166.05,$779166.05,Adidas,Mujer,Accesorios,Q2 24,10/3/2024,Violet,Pantalon,,21.0,
Emp2,247,923104552-0,Botines de Fútbol Adidas Pink,Moda,$538902.47,$538902.47,Adidas,Hombre,General,Q3 24,6/10/2024,Pink,Calzado,,,
Emp1,248,405532765-X,Jogger Deportivo Adidas Aquamarine,Running,$390642.62,$390642.62,Adidas,Mujer,General,Q4 24,20/5/2024,Aquamarine,Pantalon,,,
Emp1,249,418724456-5,Remera de Compresión Adidas Puce,Moda,$762886.57,$762886.57,Adidas,Hombre,General,Q1 24,5/5/2024,Puce,Remera,,,
Emp1,250,572966901-1,Pantalón de Entrenamiento Adidas Indigo,Moda,$175727.37,$175727.37,Adidas,Hombre,General,Q2 24,3/1/2024,Indigo,Pantalon,,,
Emp1,251,327794334-8,Zapatillas de Trail Nike Blue,Moda,$26427.48,$26427.48,Nike,Hombre,Accesorios,Q3 24,8/10/2024,Blue,Calzado,,,
Emp1,252,541686114-2,Remera de Compresión Under Armour Turquoise,Moda,$658814.32,$658814.32,Under Armour,Mujer,Accesorios,Q4 24,26/9/2024,Turquoise,Remera,,,
Emp1,253,997971905-2,Remera de Compresión Under Armour Pink,Deporte,$692250.97,$692250.97,Under Armour,Hombre,Accesorios,Q1 24,12/6/2024,Pink,Remera,,,
Emp2,254,538835080-0,Camiseta Técnica Nike Teal,Moda,$232176.07,$232176.07,Nike,Hombre,General,Q2 24,24/5/2024,Teal,Remera,,,
Emp1,255,620213185-3,Remera de Running Nike Yellow,Moda,$343010.87,$343010.87,Nike,Mujer,General,Q3 24,22/12/2024,Yellow,Remera,,24.0,
Emp2,256,119756408-X,Remera de Running Under Armour Puce,Moda,$471383.11,$471383.11,Under Armour,Hombre,Accesorios,Q4 24,27/10/2024,Puce,Remera,,2.0,
Emp1,257,371248956-0,Zapatillas Running Nike Aquamarine,Moda,$401040.48,$401040.48,Nike,Mujer,General,Q1 24,23/12/2024,Aquamarine,Calzado,,,
Emp2,258,585021356-2,Remera de Running Nike Puce,Moda,$476022.48,$476022.48,Nike,Hombre,General,Q2 24,30/5/2024,Puce,Remera,,,
Emp1,259,763363258-5,Remera de Running Adidas Fuscia,Moda,$641355.07,$641355.07,Adidas,Niños,General,Q3 24,17/1/2024,Fuscia,Remera,,,
Emp1,260,892480164-3,Zapatillas de Trail Nike Blue,Moda,$314468.90,$314468.90,Nike,Mujer,General,Q4 24,30/11/2024,Blue,Calzado,,,
Emp2,261,957738886-8,Jogger Deportivo Nike Fuscia,Moda,$57627.63,$57627.63,Nike,Mujer,General,Q1 24,1/6/2024,Fuscia,Pantalon,,,
Emp2,262,007590009-2,Zapatillas Running Nike Mauv,Moda,$919347.47,$919347.47,Nike,Mujer,General,Q2 24,10/10/2024,Mauv,Calzado,,,
Emp1,263,093818908-5,Pantalón Deportivo Adidas Indigo,Moda,$963771.74,$963771.74,Adidas,Mujer,General,Q3 24,13/10/2024,Indigo,Pantalon,,,
Emp1,264,667621962-X,Jogger Deportivo Adidas Pink,Running,$434820.71,$434820.71,Adidas,Mujer,General,Q4 24,30/3/2024,Pink,Pantalon,,42.0,
Emp1,265,171387664-7,Zapatillas Running Nike Blue,Running,$79397.88,$79397.88,Nike,Mujer,General,Q1 24,27/9/2024,Blue,Calzado,,,
Emp2,266,426832686-3,Zapatillas de Basket Nike Green,Running,$201843.58,$201843.58,Nike,Mujer,General,Q2 24,26/9/2024,Green,Calzado,,,
Emp2,267,931905770-2,Jogger Deportivo Adidas Pink,Moda,$175388.30,$175388.30,Adidas,Niños,General,Q3 24,9/1/2024,Pink,Pantalon,,,
Emp1,268,534295926-8,Pantalón de Entrenamiento Adidas Maroon,Running,$561156.73,$561156.73,Adidas,Niños,General,Q4 24,16/3/2024,Maroon,Pantalon,,,
Emp1,269,568292740-0,Remera de Running Adidas Indigo,Moda,$925820.47,$925820.47,Adidas,Hombre,General,Q1 24,16/4/2024,Indigo,Remera,,43.0,
Emp2,270,002229060-5,Remera de Running Adidas Green,Running,$375880.25,$375880.25,Adidas,Hombre,General,Q2 24,16/5/2024,Green,Remera,,,
Emp2,271,799527410-6,Remera de Running Nike Mauv,Moda,$303742.48,$303742.48,Nike,Mujer,General,Q3 24,29/3/2024,Mauv,Remera,,,
Emp2,272,580532482-2,Pantalón de Entrenamiento Under Armour Blue,Moda,$968695.24,$968695.24,Under Armour,Mujer,Accesorios,Q4 24,24/7/2024,Blue,Pantalon,,,
Emp2,273,517642194-1,Zapatillas Running Adidas Fuscia,Deporte,$366072.72,$366072.72,Adidas,Hombre,Accesorios,Q1 24,27/1/2024,Fuscia,Calzado,,,
Emp2,274,798902029-7,Zapatillas de Basket Nike Crimson,Moda,$633932.87,$633932.87,Nike,Hombre,General,Q2 24,1/4/2024,Crimson,Calzado,,,
Emp1,275,841448181-7,Pantalón de Entrenamiento Nike Puce,Moda,$903983.73,$903983.73,Nike,Mujer,General,Q3 24,14/8/2024,Puce,Pantalon,,21.0,
Emp1,276,745013689-9,Remera de Compresión Adidas Fuscia,Moda,$821073.66,$821073.66,Adidas,Niños,General,Q4 24,1/11/2024,Fuscia,Remera,,,
Emp1,277,927224564-8,Zapatillas de Trail Adidas Blue,Moda,$950519.41,$950519.41,Adidas,Hombre,General,Q1 24,7/2/2024,Blue,Calzado,,,
Emp1,278,649126192-1,Jogger Deportivo Adidas Crimson,Moda,$415827.70,$415827.70,Adidas,Mujer,General,Q2 24,27/8/2024,Crimson,Pantalon,,,
Emp1,279,304987651-4,Jogger Deportivo Adidas Indigo,Running,$630916.91,$630916.91,Adidas,Hombre,General,Q3 24,24/11/2024,Indigo,Pantalon,,,
Emp2,280,626407121-8,Remera de Running Adidas Aquamarine,Running,$432905.18,$432905.18,Adidas,Niños,General,Q4 24,17/12/2024,Aquamarine,Remera,,,
Emp1,281,490848508-9,Remera de Compresión Adidas Fuscia,Moda,$530032.12,$530032.12,Adidas,Hombre,General,Q1 24,5/6/2024,Fuscia,Remera,,,
Emp1,282,669312070-9,Jogger Deportivo Adidas Goldenrod,Running,$290451.50,$290451.50,Adidas,Hombre,General,Q2 24,13/8/2024,Goldenrod,Pantalon,,,
Emp1,283,257416095-9,Botines de Fútbol Adidas Pink,Running,$1095.92,$1095.92,Adidas,Hombre,General,Q3 24,27/9/2024,Pink,Calzado,,43.0,
Emp1,284,755920237-3,Zapatillas de Basket Adidas Violet,Moda,$172762.52,$172762.52,Adidas,Hombre,General,Q4 24,10/10/2024,Violet,Calzado,,,
Emp1,285,839582008-9,Jogger Deportivo Adidas Aquamarine,Moda,$501445.27,$501445.27,Adidas,Mujer,General,Q1 24,7/6/2024,Aquamarine,Pantalon,,22.0,
Emp1,286,557105704-1,Camiseta Técnica Under Armour Turquoise,Moda,$202981.71,$202981.71,Under Armour,Hombre,General,Q2 24,15/10/2024,Turquoise,Remera,,,
Emp2,287,928248090-9,Zapatillas Running Adidas Khaki,Moda,$327840.62,$327840.62,Adidas,Hombre,General,Q3 24,19/5/2024,Khaki,Calzado,,,
Emp1,288,312849120-8,Jogger Deportivo Adidas Mauv,Moda,$770863.43,$770863.43,Adidas,Mujer,General,Q4 24,22/1/2024,Mauv,Pantalon,,8.0,
Emp2,289,495267393-6,Jogger Deportivo Adidas Fuscia,Moda,$828688.75,$828688.75,Adidas,Hombre,General,Q1 24,12/11/2024,Fuscia,Pantalon,,,
Emp2,290,127604098-9,Zapatillas Running Nike Orange,Moda,$381990.50,$381990.50,Nike,Mujer,General,Q2 24,6/3/2024,Orange,Calzado,,,
Emp2,291,311063879-7,Botines de Fútbol Adidas Mauv,Deporte,$787949.16,$787949.16,Adidas,Mujer,General,Q3 24,5/5/2024,Mauv,Calzado,,10.0,
Emp1,292,871277353-0,Jogger Deportivo Nike Orange,Running,$757383.35,$757383.35,Nike,Mujer,General,Q4 24,18/7/2024,Orange,Pantalon,,19.0,
Emp1,293,808610343-9,Pantalón de Entrenamiento Adidas Goldenrod,Moda,$754059.59,$754059.59,Adidas,Hombre,General,Q1 24,14/2/2024,Goldenrod,Pantalon,,50.0,
Emp1,294,429740868-6,Botines de Fútbol Adidas Fuscia,Moda,$891190.85,$891190.85,Adidas,Hombre,General,Q2 24,3/9/2024,Fuscia,Calzado,,,
Emp2,295,196465960-4,Remera de Running Adidas Crimson,Moda,$249334.98,$249334.98,Adidas,Hombre,General,Q3 24,19/8/2024,Crimson,Remera,,,
Emp2,296,936691506-X,Jogger Deportivo Under Armour Violet,Moda,$789290.43,$789290.43,Under Armour,Hombre,General,Q4 24,4/11/2024,Violet,Pantalon,,33.0,
Emp1,297,973357752-9,Jogger Deportivo Nike Crimson,Running,$319945.66,$319945.66,Nike,Mujer,General,Q1 24,16/3/2024,Crimson,Pantalon,,,
Emp2,298,997992076-9,Botines de Fútbol Nike Yellow,Moda,$611457.19,$611457.19,Nike,Mujer,Accesorios,Q2 24,31/8/2024,Yellow,Calzado,,,
Emp1,299,699949978-0,Jogger Deportivo Under Armour Crimson,Moda,$128065.62,$128065.62,Under Armour,Niños,General,Q3 24,18/2/2024,Crimson,Pantalon,,,
Emp2,300,808934439-9,Jogger Deportivo Nike Purple,Moda,$415542.46,$415542.46,Nike,Hombre,General,Q4 24,17/4/2024,Purple,Pantalon,,,
Emp1,301,945158571-0,Zapatillas de Trail Under Armour Turquoise,Moda,$86326.21,$86326.21,Under Armour,Hombre,General,Q1 24,13/7/2024,Turquoise,Calzado,,,
Emp1,302,409045606-1,Zapatillas de Trail Adidas Maroon,Moda,$179660.13,$179660.13,Adidas,Mujer,Accesorios,Q2 24,20/10/2024,Maroon,Calzado,,38.0,
Emp1,303,399991862-4,Jogger Deportivo Adidas Mauv,Moda,$149294.99,$149294.99,Adidas,Hombre,General,Q3 24,3/1/2024,Mauv,Pantalon,,,
Emp2,304,204202973-4,Camiseta Técnica Nike Pink,Moda,$245758.98,$245758.98,Nike,Mujer,General,Q4 24,20/9/2024,Pink,Remera,,,
Emp1,305,920504355-9,Remera de Compresión Nike Teal,Moda,$357465.35,$357465.35,Nike,Mujer,General,Q1 24,5/4/2024,Teal,Remera,,43.0,
Emp2,306,867955890-7,Pantalón de Entrenamiento Nike Puce,Moda,$745312.22,$745312.22,Nike,Hombre,General,Q2 24,1/5/2024,Puce,Pantalon,,,
Emp1,307,848464650-5,Zapatillas Running Adidas Turquoise,Running,$499339.74,$499339.74,Adidas,Hombre,Accesorios,Q3 24,1/9/2024,Turquoise,Calzado,,,
Emp2,308,844518930-1,Jogger Deportivo Nike Fuscia,Moda,$77294.50,$77294.50,Nike,Niños,General,Q4 24,22/6/2024,Fuscia,Pantalon,,37.0,
Emp2,309,849351561-2,Camiseta Técnica Nike Mauv,Running,$9335.57,$9335.57,Nike,Niños,General,Q1 24,8/3/2024,Mauv,Remera,,,
Emp2,310,108101142-4,Zapatillas Running Adidas Blue,Moda,$242969.48,$242969.48,Adidas,Hombre,General,Q2 24,1/4/2024,Blue,Calzado,,,
Emp2,311,614259592-1,Pantalón Deportivo Under Armour Fuscia,Moda,$834763.48,$834763.48,Under Armour,Hombre,General,Q3 24,23/9/2024,Fuscia,Pantalon,,,
Emp2,312,558961829-0,Zapatillas Running Nike Purple,Running,$489819.68,$489819.68,Nike,Mujer,General,Q4 24,11/4/2024,Purple,Calzado,,,
Emp1,313,079467763-0,Zapatillas de Trail Adidas Purple,Moda,$448891.92,$448891.92,Adidas,Niños,General,Q1 24,2/4/2024,Purple,Calzado,,,
Emp1,314,030235506-5,Zapatillas de Basket Under Armour Indigo,Moda,$581978.80,$581978.80,Under Armour,Mujer,General,Q2 24,26/10/2024,Indigo,Calzado,,,
Emp2,315,883236553-7,Pantalón Deportivo Under Armour Mauv,Moda,$192665.99,$192665.99,Under Armour,Mujer,General,Q3 24,2/8/2024,Mauv,Pantalon,,17.0,
Emp2,316,313871066-2,Pantalón Deportivo Under Armour Yellow,Moda,$436442.62,$436442.62,Under Armour,Niños,General,Q4 24,5/9/2024,Yellow,Pantalon,,42.0,
Emp2,317,864116397-2,Camiseta Técnica Adidas Blue,Moda,$723173.39,$723173.39,Adidas,Hombre,General,Q1 24,17/1/2024,Blue,Remera,,,
Emp2,318,428225710-5,Jogger Deportivo Adidas Crimson,Moda,$265667.93,$265667.93,Adidas,Mujer,Accesorios,Q2 24,10/6/2024,Crimson,Pantalon,,,
Emp1,319,310459739-1,Camiseta Técnica Adidas Khaki,Moda,$139177.81,$139177.81,Adidas,Mujer,General,Q3 24,15/4/2024,Khaki,Remera,,,
Emp1,320,984614402-4,Camiseta Técnica Nike Maroon,Moda,$671432.01,$671432.01,Nike,Hombre,Accesorios,Q4 24,10/9/2024,Maroon,Remera,,,
Emp1,321,634418957-6,Camiseta Técnica Nike Yellow,Moda,$560446.10,$560446.10,Nike,Mujer,General,Q1 24,20/1/2024,Yellow,Remera,,30.0,
Emp2,322,187861980-2,Remera de Compresión Adidas Turquoise,Moda,$523235.92,$523235.92,Adidas,Mujer,General,Q2 24,15/5/2024,Turquoise,Remera,,,
Emp1,323,068141498-7,Remera de Compresión Adidas Crimson,Deporte,$388066.30,$388066.30,Adidas,Mujer,Accesorios,Q3 24,28/6/2024,Crimson,Remera,,31.0,
Emp2,324,159930807-X,Zapatillas de Trail Adidas Yellow,Moda,$867270.35,$867270.35,Adidas,Mujer,General,Q4 24,6/5/2024,Yellow,Calzado,,,
Emp2,325,221771737-5,Camiseta Técnica Under Armour Maroon,Running,$861972.35,$861972.35,Under Armour,Mujer,General,Q1 24,4/11/2024,Maroon,Remera,,,
Emp1,326,364304192-6,Remera de Compresión Adidas Blue,Moda,$87789.32,$87789.32,Adidas,Niños,General,Q2 24,15/1/2024,Blue,Remera,,,
Emp1,327,056035513-0,Zapatillas de Basket Adidas Crimson,Deporte,$685165.38,$685165.38,Adidas,Hombre,General,Q3 24,8/5/2024,Crimson,Calzado,,,
Emp1,328,028864798-X,Remera de Running Adidas Red,Moda,$916133.61,$916133.61,Adidas,Mujer,General,Q4 24,26/5/2024,Red,Remera,,,
Emp1,329,906721468-X,Zapatillas Running Adidas Blue,Moda,$152661.34,$152661.34,Adidas,Mujer,General,Q1 24,22/11/2024,Blue,Calzado,,,
Emp2,330,305522728-X,Pantalón de Entrenamiento Adidas Fuscia,Moda,$295368.06,$295368.06,Adidas,Mujer,General,Q2 24,22/10/2024,Fuscia,Pantalon,,,
Emp2,331,635841157-8,Camiseta Técnica Nike Maroon,Moda,$497154.60,$497154.60,Nike,Mujer,General,Q3 24,30/9/2024,Maroon,Remera,,,
Emp2,332,310105956-9,Jogger Deportivo Under Armour Maroon,Running,$641632.27,$641632.27,Under Armour,Hombre,General,Q4 24,9/7/2024,Maroon,Pantalon,,,
Emp1,333,838992654-7,Camiseta Técnica Adidas Crimson,Running,$232104.93,$232104.93,Adidas,Mujer,Accesorios,Q1 24,7/10/2024,Crimson,Remera,,,
Emp2,334,636814638-9,Pantalón Deportivo Adidas Fuscia,Moda,$708561.30,$708561.30,Adidas,Niños,General,Q2 24,4/7/2024,Fuscia,Pantalon,,,
Emp2,335,421028018-6,Pantalón de Entrenamiento Nike Blue,Moda,$562531.44,$562531.44,Nike,Hombre,General,Q3 24,9/5/2024,Blue,Pantalon,,,
Emp1,336,912050635-X,Remera de Compresión Nike Violet,Moda,$377244.45,$377244.45,Nike,Mujer,General,Q4 24,3/5/2024,Violet,Remera,,,
Emp1,337,710537028-9,Zapatillas Running Adidas Goldenrod,Moda,$150965.13,$150965.13,Adidas,Hombre,Accesorios,Q1 24,29/10/2024,Goldenrod,Calzado,,,
Emp2,338,787928565-2,Camiseta Técnica Adidas Indigo,Moda,$825769.99,$825769.99,Adidas,Hombre,General,Q2 24,12/2/2024,Indigo,Remera,,5.0,
Emp2,339,599985091-6,Zapatillas de Trail Under Armour Yellow,Moda,$409545.52,$409545.52,Under Armour,Hombre,Accesorios,Q3 24,28/3/2024,Yellow,Calzado,,21.0,
Emp2,340,784968847-3,Zapatillas de Trail Adidas Blue,Running,$743826.98,$743826.98,Adidas,Hombre,General,Q4 24,2/1/2024,Blue,Calzado,,,
Emp2,341,756579727-8,Jogger Deportivo Nike Violet,Moda,$883695.29,$883695.29,Nike,Hombre,General,Q1 24,7/1/2024,Violet,Pantalon,,,
Emp2,342,944963216-2,Remera de Running Adidas Yellow,Moda,$193726.51,$193726.51,Adidas,Mujer,General,Q2 24,20/1/2024,Yellow,Remera,,,
Emp1,343,396286754-6,Jogger Deportivo Adidas Green,Running,$511808.43,$511808.43,Adidas,Niños,General,Q3 24,24/4/2024,Green,Pantalon,,,
Emp2,344,313406585-1,Botines de Fútbol Adidas Fuscia,Moda,$622619.74,$622619.74,Adidas,Mujer,Accesorios,Q4 24,16/9/2024,Fuscia,Calzado,,48.0,
Emp2,345,540485955-5,Zapatillas Running Under Armour Crimson,Moda,$915678.82,$915678.82,Under Armour,Mujer,General,Q1 24,18/7/2024,Crimson,Calzado,,,
Emp1,346,614290483-5,Remera de Running Nike Yellow,Moda,$837959.84,$837959.84,Nike,Hombre,General,Q2 24,10/7/2024,Yellow,Remera,,,
Emp1,347,371978175-5,Camiseta Técnica Adidas Blue,Moda,$864921.90,$864921.90,Adidas,Hombre,General,Q3 24,11/6/2024,Blue,Remera,,,
Emp1,348,618592372-6,Pantalón de Entrenamiento Nike Puce,Running,$906979.25,$906979.25,Nike,Hombre,General,Q4 24,22/7/2024,Puce,Pantalon,,22.0,
Emp1,349,615151557-9,Pantalón Deportivo Nike Yellow,Moda,$534018.96,$534018.96,Nike,Mujer,General,Q1 24,29/11/2024,Yellow,Pantalon,,38.0,
Emp1,350,401193607-3,Pantalón Deportivo Nike Red,Moda,$278109.43,$278109.43,Nike,Mujer,Accesorios,Q2 24,31/8/2024,Red,Pantalon,,,
Emp1,351,146553988-3,Zapatillas de Basket Adidas Purple,Moda,$204490.98,$204490.98,Adidas,Mujer,General,Q3 24,21/5/2024,Purple,Calzado,,,
Emp2,352,706108178-3,Jogger Deportivo Adidas Blue,Moda,$360325.75,$360325.75,Adidas,Hombre,General,Q4 24,31/7/2024,Blue,Pantalon,,,
Emp2,353,344210535-8,Botines de Fútbol Nike Pink,Moda,$993891.32,$993891.32,Nike,Mujer,General,Q1 24,20/11/2024,Pink,Calzado,,,
Emp1,354,103720784-X,Zapatillas de Basket Adidas Violet,Deporte,$45496.33,$45496.33,Adidas,Mujer,General,Q2 24,7/11/2024,Violet,Calzado,,,
Emp1,355,262329649-9,Camiseta Técnica Adidas Goldenrod,Moda,$344857.02,$344857.02,Adidas,Mujer,General,Q3 24,24/11/2024,Goldenrod,Remera,,,
Emp1,356,094624856-7,Camiseta Técnica Under Armour Red,Moda,$379993.25,$379993.25,Under Armour,Hombre,General,Q4 24,30/3/2024,Red,Remera,,,
Emp1,357,352088879-3,Remera de Running Adidas Khaki,Moda,$6422.12,$6422.12,Adidas,Mujer,Accesorios,Q1 24,15/6/2024,Khaki,Remera,,,
Emp2,358,188454017-1,Camiseta Técnica Under Armour Aquamarine,Moda,$56438.24,$56438.24,Under Armour,Hombre,General,Q2 24,20/12/2024,Aquamarine,Remera,,,
Emp1,359,053777314-2,Remera de Running Nike Green,Moda,$751623.00,$751623.00,Nike,Hombre,General,Q3 24,2/12/2024,Green,Remera,,,
Emp1,360,968345569-7,Zapatillas de Basket Adidas Yellow,Running,$716116.40,$716116.40,Adidas,Hombre,General,Q4 24,31/8/2024,Yellow,Calzado,,,
Emp2,361,155402674-1,Pantalón de Entrenamiento Adidas Yellow,Deporte,$294661.62,$294661.62,Adidas,Mujer,General,Q1 24,24/1/2024,Yellow,Pantalon,,,
Emp2,362,178551056-8,Pantalón Deportivo Nike Crimson,Moda,$874130.29,$874130.29,Nike,Mujer,General,Q2 24,12/9/2024,Crimson,Pantalon,,,
Emp2,363,089462165-3,Remera de Compresión Under Armour Teal,Running,$266414.44,$266414.44,Under Armour,Mujer,Accesorios,Q3 24,29/12/2024,Teal,Remera,,,
Emp2,364,407642443-3,Remera de Compresión Adidas Violet,Moda,$963122.10,$963122.10,Adidas,Hombre,Accesorios,Q4 24,14/11/2024,Violet,Remera,,7.0,
Emp1,365,980277196-1,Zapatillas de Trail Nike Purple,Moda,$308063.74,$308063.74,Nike,Hombre,General,Q1 24,9/1/2024,Purple,Calzado,,14.0,
Emp1,366,871024805-6,Jogger Deportivo Nike Orange,Running,$19085.14,$19085.14,Nike,Mujer,General,Q2 24,12/12/2024,Orange,Pantalon,,,
Emp2,367,840097286-4,Remera de Running Adidas Pink,Moda,$122258.94,$122258.94,Adidas,Hombre,Accesorios,Q3 24,24/2/2024,Pink,Remera,,,
Emp1,368,439341479-9,Remera de Compresión Adidas Khaki,Moda,$437321.10,$437321.10,Adidas,Hombre,General,Q4 24,28/7/2024,Khaki,Remera,,,
Emp1,369,087752008-9,Zapatillas de Basket Adidas Red,Moda,$780488.44,$780488.44,Adidas,Hombre,General,Q1 24,15/5/2024,Red,Calzado,,,
Emp2,370,186002997-3,Pantalón Deportivo Adidas Yellow,Moda,$78042.29,$78042.29,Adidas,Hombre,General,Q2 24,12/2/2024,Yellow,Pantalon,,,
Emp1,371,216395356-4,Zapatillas de Trail Under Armour Indigo,Deporte,$781974.30,$781974.30,Under Armour,Hombre,General,Q3 24,23/1/2024,Indigo,Calzado,,,
Emp1,372,716154493-9,Zapatillas de Basket Adidas Teal,Moda,$10486.68,$10486.68,Adidas,Mujer,General,Q4 24,12/11/2024,Teal,Calzado,,15.0,
Emp1,373,005682286-3,Remera de Running Nike Puce,Moda,$570764.60,$570764.60,Nike,Hombre,General,Q1 24,24/3/2024,Puce,Remera,,48.0,
Emp1,374,246897110-8,Pantalón Deportivo Adidas Maroon,Running,$578872.61,$578872.61,Adidas,Hombre,Accesorios,Q2 24,22/11/2024,Maroon,Pantalon,,,
Emp1,375,159198263-4,Zapatillas Running Under Armour Blue,Moda,$972807.25,$972807.25,Under Armour,Mujer,General,Q3 24,1/7/2024,Blue,Calzado,,,
Emp1,376,969061102-X,Camiseta Técnica Adidas Teal,Moda,$846779.68,$846779.68,Adidas,Niños,General,Q4 24,12/7/2024,Teal,Remera,,,
Emp1,377,562854425-6,Jogger Deportivo Adidas Turquoise,Moda,$213540.22,$213540.22,Adidas,Mujer,Accesorios,Q1 24,11/12/2024,Turquoise,Pantalon,,38.0,
Emp2,378,111086636-4,Remera de Running Nike Green,Moda,$552565.76,$552565.76,Nike,Mujer,General,Q2 24,17/2/2024,Green,Remera,,,
Emp1,379,473452277-4,Pantalón Deportivo Nike Fuscia,Moda,$792916.26,$792916.26,Nike,Mujer,General,Q3 24,4/3/2024,Fuscia,Pantalon,,,
Emp2,380,829891473-2,Remera de Compresión Adidas Turquoise,Moda,$782114.89,$782114.89,Adidas,Mujer,Accesorios,Q4 24,27/6/2024,Turquoise,Remera,,,
Emp1,381,392456028-5,Camiseta Técnica Nike Khaki,Moda,$167726.10,$167726.10,Nike,Mujer,General,Q1 24,25/8/2024,Khaki,Remera,,16.0,
Emp1,382,269508221-5,Camiseta Técnica Adidas Crimson,Moda,$18868.54,$18868.54,Adidas,Hombre,General,Q2 24,13/7/2024,Crimson,Remera,,,
Emp2,383,749962672-5,Jogger Deportivo Adidas Puce,Running,$171715.98,$171715.98,Adidas,Mujer,General,Q3 24,19/4/2024,Puce,Pantalon,,,
Emp2,384,336177063-7,Zapatillas Running Adidas Red,Running,$430255.77,$430255.77,Adidas,Mujer,Accesorios,Q4 24,30/3/2024,Red,Calzado,,,
Emp2,385,081005890-1,Jogger Deportivo Adidas Crimson,Moda,$777943.53,$777943.53,Adidas,Niños,General,Q1 24,30/10/2024,Crimson,Pantalon,,,
Emp1,386,911683445-3,Remera de Compresión Adidas Yellow,Moda,$654622.89,$654622.89,Adidas,Niños,General,Q2 24,21/4/2024,Yellow,Remera,,,
Emp2,387,693379426-1,Pantalón Deportivo Nike Maroon,Moda,$644588.16,$644588.16,Nike,Niños,General,Q3 24,15/12/2024,Maroon,Pantalon,,31.0,
Emp1,388,553152730-6,Jogger Deportivo Nike Mauv,Moda,$302496.26,$302496.26,Nike,Mujer,General,Q4 24,17/9/2024,Mauv,Pantalon,,,
Emp1,389,943869361-0,Pantalón de Entrenamiento Adidas Orange,Deporte,$188935.94,$188935.94,Adidas,Mujer,General,Q1 24,19/9/2024,Orange,Pantalon,,,
Emp2,390,100203072-2,Pantalón Deportivo Under Armour Puce,Running,$604718.84,$604718.84,Under Armour,Mujer,General,Q2 24,3/1/2024,Puce,Pantalon,,,
Emp1,391,266503966-4,Remera de Compresión Under Armour Puce,Moda,$845622.29,$845622.29,Under Armour,Hombre,General,Q3 24,1/4/2024,Puce,Remera,,32.0,
Emp1,392,959698382-2,Jogger Deportivo Adidas Yellow,Moda,$850644.87,$850644.87,Adidas,Mujer,General,Q4 24,26/3/2024,Yellow,Pantalon,,,
Emp2,393,831732177-0,Pantalón de Entrenamiento Adidas Green,Moda,$358270.61,$358270.61,Adidas,Hombre,General,Q1 24,29/3/2024,Green,Pantalon,,,
Emp1,394,834048864-3,Camiseta Técnica Nike Red,Moda,$678588.08,$678588.08,Nike,Mujer,General,Q2 24,18/9/2024,Red,Remera,,,
Emp1,395,188272125-X,Remera de Running Adidas Khaki,Moda,$586565.46,$586565.46,Adidas,Mujer,General,Q3 24,14/3/2024,Khaki,Remera,,,
Emp2,396,511192168-0,Zapatillas de Trail Adidas Turquoise,Moda,$108901.23,$108901.23,Adidas,Mujer,General,Q4 24,10/12/2024,Turquoise,Calzado,,,
Emp1,397,977197209-X,Remera de Running Adidas Pink,Moda,$155873.97,$155873.97,Adidas,Hombre,General,Q1 24,27/8/2024,Pink,Remera,,,
Emp2,398,806097784-9,Pantalón de Entrenamiento Nike Indigo,Moda,$951782.30,$951782.30,Nike,Hombre,General,Q2 24,21/2/2024,Indigo,Pantalon,,,
Emp2,399,994489603-9,Pantalón de Entrenamiento Nike Green,Moda,$151589.74,$151589.74,Nike,Mujer,General,Q3 24,2/10/2024,Green,Pantalon,,,
Emp2,400,371411608-7,Zapatillas de Basket Adidas Maroon,Running,$303432.75,$303432.75,Adidas,Mujer,General,Q4 24,8/3/2024,Maroon,Calzado,,,
Emp1,401,076528149-X,Camiseta Técnica Nike Yellow,Moda,$406419.52,$406419.52,Nike,Mujer,General,Q1 24,21/12/2024,Yellow,Remera,,,
Emp1,402,809980929-7,Jogger Deportivo Under Armour Aquamarine,Moda,$648608.39,$648608.39,Under Armour,Mujer,General,Q2 24,29/4/2024,Aquamarine,Pantalon,,,
Emp2,403,545691518-9,Botines de Fútbol Nike Green,Moda,$653469.29,$653469.29,Nike,Hombre,Accesorios,Q3 24,15/6/2024,Green,Calzado,,,
Emp1,404,759471995-6,Zapatillas de Basket Nike Aquamarine,Moda,$557500.10,$557500.10,Nike,Mujer,General,Q4 24,10/5/2024,Aquamarine,Calzado,,,
Emp2,405,603343743-8,Pantalón de Entrenamiento Nike Puce,Running,$263862.90,$263862.90,Nike,Hombre,General,Q1 24,28/11/2024,Puce,Pantalon,,,
Emp1,406,872516137-7,Jogger Deportivo Adidas Teal,Running,$96399.59,$96399.59,Adidas,Hombre,General,Q2 24,9/6/2024,Teal,Pantalon,,,
Emp1,407,541047972-6,Jogger Deportivo Adidas Yellow,Moda,$875797.64,$875797.64,Adidas,Niños,General,Q3 24,1/7/2024,Yellow,Pantalon,,31.0,
Emp1,408,992934250-8,Remera de Compresión Adidas Khaki,Running,$45391.62,$45391.62,Adidas,Hombre,General,Q4 24,1/6/2024,Khaki,Remera,,15.0,
Emp1,409,832695218-4,Camiseta Técnica Nike Yellow,Moda,$930886.31,$930886.31,Nike,Mujer,General,Q1 24,16/7/2024,Yellow,Remera,,,
Emp2,410,212748711-7,Pantalón Deportivo Nike Blue,Moda,$597697.61,$597697.61,Nike,Mujer,General,Q2 24,30/8/2024,Blue,Pantalon,,,
Emp2,411,391704087-5,Camiseta Técnica Under Armour Teal,Deporte,$827622.35,$827622.35,Under Armour,Niños,General,Q3 24,27/9/2024,Teal,Remera,,,
Emp1,412,078190483-8,Remera de Running Adidas Blue,Moda,$225726.74,$225726.74,Adidas,Hombre,General,Q4 24,23/11/2024,Blue,Remera,,,
Emp2,413,776978463-8,Zapatillas Running Nike Puce,Moda,$997845.57,$997845.57,Nike,Mujer,General,Q1 24,18/10/2024,Puce,Calzado,,19.0,
Emp1,414,481982691-3,Jogger Deportivo Adidas Blue,Running,$517231.20,$517231.20,Adidas,Mujer,General,Q2 24,15/9/2024,Blue,Pantalon,,,
Emp2,415,133582470-7,Pantalón de Entrenamiento Adidas Green,Moda,$996250.46,$996250.46,Adidas,Hombre,General,Q3 24,4/2/2024,Green,Pantalon,,,
Emp2,416,748948087-6,Camiseta Técnica Adidas Maroon,Moda,$738677.83,$738677.83,Adidas,Mujer,General,Q4 24,8/2/2024,Maroon,Remera,,,
Emp2,417,288342473-X,Botines de Fútbol Adidas Green,Moda,$4303.28,$4303.28,Adidas,Mujer,General,Q1 24,18/8/2024,Green,Calzado,,,
Emp1,418,072256749-9,Camiseta Técnica Adidas Crimson,Moda,$183753.36,$183753.36,Adidas,Niños,General,Q2 24,17/2/2024,Crimson,Remera,,,
Emp1,419,703313362-6,Pantalón de Entrenamiento Adidas Purple,Running,$137177.25,$137177.25,Adidas,Hombre,General,Q3 24,7/6/2024,Purple,Pantalon,,40.0,
Emp1,420,737691462-5,Pantalón Deportivo Adidas Fuscia,Moda,$672295.96,$672295.96,Adidas,Mujer,General,Q4 24,24/6/2024,Fuscia,Pantalon,,,
Emp2,421,184291199-6,Pantalón Deportivo Nike Indigo,Moda,$300449.95,$300449.95,Nike,Mujer,General,Q1 24,18/3/2024,Indigo,Pantalon,,,
Emp1,422,333034706-6,Pantalón Deportivo Adidas Fuscia,Running,$819418.11,$819418.11,Adidas,Hombre,General,Q2 24,18/3/2024,Fuscia,Pantalon,,,
Emp2,423,065227923-6,Jogger Deportivo Nike Pink,Running,$446478.81,$446478.81,Nike,Mujer,General,Q3 24,26/1/2024,Pink,Pantalon,,,
Emp2,424,937280875-X,Remera de Compresión Under Armour Purple,Moda,$644251.28,$644251.28,Under Armour,Mujer,General,Q4 24,30/4/2024,Purple,Remera,,,
Emp1,425,354395374-5,Remera de Running Nike Pink,Moda,$521529.46,$521529.46,Nike,Hombre,General,Q1 24,3/4/2024,Pink,Remera,,,
Emp2,426,628500780-2,Zapatillas de Basket Under Armour Crimson,Running,$667363.78,$667363.78,Under Armour,Mujer,General,Q2 24,2/8/2024,Crimson,Calzado,,,
Emp2,427,075921253-8,Pantalón de Entrenamiento Nike Khaki,Moda,$771876.47,$771876.47,Nike,Hombre,General,Q3 24,29/4/2024,Khaki,Pantalon,,,
Emp1,428,742228888-4,Zapatillas de Trail Under Armour Maroon,Moda,$97638.70,$97638.70,Under Armour,Hombre,General,Q4 24,7/3/2024,Maroon,Calzado,,,
Emp1,429,964990786-6,Botines de Fútbol Adidas Puce,Moda,$80992.28,$80992.28,Adidas,Hombre,General,Q1 24,7/4/2024,Puce,Calzado,,41.0,
Emp2,430,316132813-2,Zapatillas de Basket Adidas Green,Moda,$944506.40,$944506.40,Adidas,Mujer,General,Q2 24,11/1/2024,Green,Calzado,,4.0,
Emp2,431,038016106-0,Zapatillas Running Nike Pink,Moda,$544335.85,$544335.85,Nike,Niños,General,Q3 24,20/1/2024,Pink,Calzado,,,
Emp1,432,664354102-6,Botines de Fútbol Adidas Mauv,Moda,$88557.05,$88557.05,Adidas,Hombre,General,Q4 24,31/10/2024,Mauv,Calzado,,,
Emp1,433,995313072-8,Jogger Deportivo Nike Violet,Moda,$512817.26,$512817.26,Nike,Hombre,General,Q1 24,5/12/2024,Violet,Pantalon,,,
Emp1,434,945387279-2,Botines de Fútbol Under Armour Green,Moda,$289538.88,$289538.88,Under Armour,Hombre,General,Q2 24,12/6/2024,Green,Calzado,,,
Emp2,435,233434247-5,Remera de Compresión Nike Puce,Deporte,$645980.54,$645980.54,Nike,Niños,General,Q3 24,30/3/2024,Puce,Remera,,11.0,
Emp1,436,631474463-6,Remera de Compresión Under Armour Orange,Moda,$9491.79,$9491.79,Under Armour,Hombre,General,Q4 24,27/2/2024,Orange,Remera,,,
Emp1,437,367661966-8,Remera de Compresión Nike Green,Running,$783168.09,$783168.09,Nike,Niños,General,Q1 24,9/2/2024,Green,Remera,,5.0,
Emp1,438,062991740-X,Jogger Deportivo Adidas Teal,Moda,$914468.54,$914468.54,Adidas,Mujer,General,Q2 24,21/5/2024,Teal,Pantalon,,,
Emp1,439,825145145-0,Pantalón de Entrenamiento Adidas Mauv,Moda,$710333.09,$710333.09,Adidas,Hombre,General,Q3 24,10/12/2024,Mauv,Pantalon,,,
Emp2,440,555548168-3,Jogger Deportivo Adidas Mauv,Running,$697425.28,$697425.28,Adidas,Hombre,General,Q4 24,29/2/2024,Mauv,Pantalon,,28.0,
Emp2,441,036575238-X,Pantalón Deportivo Under Armour Puce,Moda,$664848.75,$664848.75,Under Armour,Mujer,Accesorios,Q1 24,1/3/2024,Puce,Pantalon,,,
Emp1,442,671017210-4,Camiseta Técnica Under Armour Yellow,Moda,$954321.42,$954321.42,Under Armour,Hombre,General,Q2 24,9/4/2024,Yellow,Remera,,,
Emp1,443,206884643-8,Remera de Running Adidas Maroon,Moda,$326213.42,$326213.42,Adidas,Hombre,General,Q3 24,29/4/2024,Maroon,Remera,,,
Emp1,444,885426424-5,Pantalón Deportivo Adidas Maroon,Moda,$321274.22,$321274.22,Adidas,Mujer,Accesorios,Q4 24,20/7/2024,Maroon,Pantalon,,,
Emp2,445,835862862-5,Remera de Running Adidas Mauv,Deporte,$57054.64,$57054.64,Adidas,Hombre,General,Q1 24,19/6/2024,Mauv,Remera,,,
Emp1,446,527135543-8,Botines de Fútbol Adidas Orange,Moda,$301589.55,$301589.55,Adidas,Mujer,General,Q2 24,13/7/2024,Orange,Calzado,,,
Emp1,447,779226412-2,Zapatillas de Basket Adidas Crimson,Moda,$816167.17,$816167.17,Adidas,Hombre,General,Q3 24,18/12/2024,Crimson,Calzado,,,
Emp1,448,463870746-7,Jogger Deportivo Adidas Green,Deporte,$72072.38,$72072.38,Adidas,Hombre,General,Q4 24,28/5/2024,Green,Pantalon,,,
Emp1,449,209336436-0,Zapatillas de Trail Adidas Puce,Running,$959880.25,$959880.25,Adidas,Mujer,General,Q1 24,25/8/2024,Puce,Calzado,,,
Emp2,450,004305072-7,Remera de Compresión Adidas Teal,Moda,$614179.95,$614179.95,Adidas,Mujer,Accesorios,Q2 24,22/5/2024,Teal,Remera,,,
Emp2,451,896579483-8,Pantalón de Entrenamiento Nike Red,Moda,$934324.50,$934324.50,Nike,Hombre,General,Q3 24,8/3/2024,Red,Pantalon,,,
Emp2,452,376077573-X,Pantalón Deportivo Adidas Green,Moda,$692614.90,$692614.90,Adidas,Mujer,General,Q4 24,22/12/2024,Green,Pantalon,,,
Emp2,453,601673397-0,Botines de Fútbol Adidas Turquoise,Moda,$430372.68,$430372.68,Adidas,Mujer,General,Q1 24,22/4/2024,Turquoise,Calzado,,,
Emp2,454,591075490-4,Remera de Running Nike Fuscia,Moda,$847401.76,$847401.76,Nike,Mujer,General,Q2 24,30/4/2024,Fuscia,Remera,,,
Emp1,455,708270445-3,Botines de Fútbol Adidas Teal,Moda,$834880.71,$834880.71,Adidas,Mujer,General,Q3 24,18/8/2024,Teal,Calzado,,,
Emp1,456,098859156-1,Zapatillas de Basket Under Armour Maroon,Moda,$742329.37,$742329.37,Under Armour,Hombre,General,Q4 24,3/7/2024,Maroon,Calzado,,,
Emp2,457,715331440-7,Pantalón Deportivo Adidas Maroon,Deporte,$106863.30,$106863.30,Adidas,Hombre,General,Q1 24,9/4/2024,Maroon,Pantalon,,,
Emp2,458,056466554-1,Pantalón Deportivo Nike Yellow,Running,$282172.01,$282172.01,Nike,Hombre,General,Q2 24,28/8/2024,Yellow,Pantalon,,,
Emp1,459,716051921-3,Botines de Fútbol Adidas Orange,Moda,$760652.66,$760652.66,Adidas,Hombre,General,Q3 24,26/2/2024,Orange,Calzado,,,
Emp1,460,073588874-4,Remera de Compresión Adidas Goldenrod,Moda,$77120.62,$77120.62,Adidas,Hombre,General,Q4 24,28/11/2024,Goldenrod,Remera,,7.0,
Emp2,461,732083381-6,Remera de Compresión Under Armour Blue,Moda,$754257.39,$754257.39,Under Armour,Mujer,General,Q1 24,4/6/2024,Blue,Remera,,41.0,
Emp1,462,965551915-5,Zapatillas de Trail Adidas Fuscia,Moda,$415593.27,$415593.27,Adidas,Hombre,General,Q2 24,30/11/2024,Fuscia,Calzado,,,
Emp2,463,887307009-4,Remera de Compresión Nike Maroon,Moda,$971778.40,$971778.40,Nike,Hombre,General,Q3 24,26/3/2024,Maroon,Remera,,,
Emp1,464,795834071-0,Zapatillas de Trail Adidas Khaki,Running,$670848.71,$670848.71,Adidas,Hombre,General,Q4 24,10/8/2024,Khaki,Calzado,,,
Emp2,465,562242247-7,Jogger Deportivo Nike Indigo,Moda,$966557.35,$966557.35,Nike,Mujer,General,Q1 24,20/10/2024,Indigo,Pantalon,,,
Emp2,466,388038880-6,Pantalón de Entrenamiento Adidas Teal,Running,$614750.88,$614750.88,Adidas,Mujer,Accesorios,Q2 24,18/7/2024,Teal,Pantalon,,,
Emp2,467,291704897-2,Zapatillas de Basket Adidas Crimson,Moda,$731450.93,$731450.93,Adidas,Mujer,General,Q3 24,16/3/2024,Crimson,Calzado,,,
Emp1,468,046088026-8,Zapatillas de Basket Adidas Orange,Moda,$905274.69,$905274.69,Adidas,Mujer,General,Q4 24,2/12/2024,Orange,Calzado,,,
Emp2,469,516690810-4,Pantalón de Entrenamiento Adidas Orange,Running,$468051.63,$468051.63,Adidas,Mujer,General,Q1 24,30/10/2024,Orange,Pantalon,,,
Emp2,470,937401969-8,Zapatillas de Basket Adidas Goldenrod,Moda,$638021.58,$638021.58,Adidas,Niños,Accesorios,Q2 24,13/6/2024,Goldenrod,Calzado,,48.0,
Emp1,471,257953361-3,Jogger Deportivo Adidas Violet,Moda,$616455.05,$616455.05,Adidas,Mujer,General,Q3 24,28/3/2024,Violet,Pantalon,,,
Emp2,472,928412338-0,Pantalón de Entrenamiento Adidas Fuscia,Moda,$808299.79,$808299.79,Adidas,Mujer,General,Q4 24,19/5/2024,Fuscia,Pantalon,,,
Emp2,473,256772910-0,Remera de Running Adidas Purple,Moda,$384016.56,$384016.56,Adidas,Hombre,General,Q1 24,14/9/2024,Purple,Remera,,,
Emp2,474,323340333-X,Zapatillas Running Adidas Teal,Moda,$694778.46,$694778.46,Adidas,Niños,Accesorios,Q2 24,12/9/2024,Teal,Calzado,,,
Emp1,475,872476877-4,Jogger Deportivo Adidas Fuscia,Deporte,$486528.76,$486528.76,Adidas,Mujer,General,Q3 24,6/10/2024,Fuscia,Pantalon,,17.0,
Emp1,476,043819773-9,Jogger Deportivo Under Armour Fuscia,Moda,$59662.60,$59662.60,Under Armour,Mujer,Accesorios,Q4 24,25/5/2024,Fuscia,Pantalon,,,
Emp2,477,488752968-6,Pantalón de Entrenamiento Adidas Pink,Moda,$842230.35,$842230.35,Adidas,Mujer,General,Q1 24,11/4/2024,Pink,Pantalon,,,
Emp2,478,520414547-8,Remera de Compresión Nike Fuscia,Running,$916436.51,$916436.51,Nike,Mujer,General,Q2 24,27/7/2024,Fuscia,Remera,,,
Emp2,479,782189371-4,Botines de Fútbol Adidas Orange,Moda,$134473.60,$134473.60,Adidas,Mujer,General,Q3 24,4/11/2024,Orange,Calzado,,,
Emp2,480,952052135-6,Zapatillas de Basket Under Armour Aquamarine,Moda,$471891.01,$471891.01,Under Armour,Mujer,Accesorios,Q4 24,21/3/2024,Aquamarine,Calzado,,41.0,
Emp2,481,391605732-4,Pantalón de Entrenamiento Adidas Fuscia,Moda,$184211.61,$184211.61,Adidas,Mujer,General,Q1 24,6/7/2024,Fuscia,Pantalon,,24.0,
Emp2,482,281080818-X,Pantalón de Entrenamiento Adidas Pink,Moda,$488741.01,$488741.01,Adidas,Mujer,General,Q2 24,15/8/2024,Pink,Pantalon,,20.0,
Emp2,483,730186613-5,Botines de Fútbol Adidas Red,Moda,$401635.43,$401635.43,Adidas,Mujer,General,Q3 24,18/12/2024,Red,Calzado,,,
Emp2,484,741337357-2,Pantalón Deportivo Under Armour Maroon,Running,$639701.03,$639701.03,Under Armour,Mujer,General,Q4 24,3/1/2024,Maroon,Pantalon,,37.0,
Emp1,485,994429092-0,Zapatillas de Trail Adidas Turquoise,Moda,$40806.31,$40806.31,Adidas,Mujer,General,Q1 24,12/3/2024,Turquoise,Calzado,,,
Emp1,486,349829754-6,Remera de Compresión Adidas Maroon,Running,$146451.20,$146451.20,Adidas,Hombre,General,Q2 24,21/6/2024,Maroon,Remera,,7.0,
Emp1,487,893889756-7,Camiseta Técnica Adidas Violet,Running,$139852.54,$139852.54,Adidas,Mujer,General,Q3 24,10/9/2024,Violet,Remera,,,
Emp1,488,301371151-5,Pantalón de Entrenamiento Adidas Aquamarine,Moda,$764276.78,$764276.78,Adidas,Mujer,General,Q4 24,16/12/2024,Aquamarine,Pantalon,,,
Emp1,489,486417048-7,Pantalón de Entrenamiento Nike Red,Moda,$173091.11,$173091.11,Nike,Mujer,General,Q1 24,10/4/2024,Red,Pantalon,,,
Emp1,490,173125252-8,Botines de Fútbol Adidas Yellow,Moda,$823681.41,$823681.41,Adidas,Mujer,General,Q2 24,25/3/2024,Yellow,Calzado,,,
Emp1,491,281778627-0,Zapatillas de Trail Nike Pink,Running,$41877.13,$41877.13,Nike,Mujer,General,Q3 24,25/8/2024,Pink,Calzado,,,
Emp2,492,141901498-6,Zapatillas de Basket Adidas Crimson,Running,$19155.57,$19155.57,Adidas,Mujer,General,Q4 24,26/12/2024,Crimson,Calzado,,49.0,
Emp1,493,088290455-8,Camiseta Técnica Under Armour Maroon,Running,$685262.17,$685262.17,Under Armour,Hombre,General,Q1 24,20/5/2024,Maroon,Remera,,,
Emp2,494,403933815-4,Pantalón Deportivo Nike Khaki,Moda,$68049.04,$68049.04,Nike,Mujer,General,Q2 24,26/3/2024,Khaki,Pantalon,,,
Emp1,495,465058568-6,Jogger Deportivo Adidas Fuscia,Running,$340107.08,$340107.08,Adidas,Hombre,General,Q3 24,5/10/2024,Fuscia,Pantalon,,,
Emp2,496,428049024-4,Pantalón de Entrenamiento Nike Orange,Moda,$417321.67,$417321.67,Nike,Mujer,General,Q4 24,4/5/2024,Orange,Pantalon,,,
Emp2,497,006582699-X,Zapatillas de Trail Adidas Khaki,Moda,$988518.09,$988518.09,Adidas,Mujer,General,Q1 24,27/2/2024,Khaki,Calzado,,23.0,
Emp2,498,928553759-6,Remera de Running Adidas Crimson,Moda,$621938.53,$621938.53,Adidas,Mujer,General,Q2 24,26/9/2024,Crimson,Remera,,,
Emp1,499,067809333-4,Camiseta Técnica Adidas Violet,Moda,$931026.31,$931026.31,Adidas,Mujer,General,Q3 24,15/8/2024,Violet,Remera,,,
Emp2,500,310556853-0,Pantalón de Entrenamiento Adidas Orange,Moda,$792740.58,$792740.58,Adidas,Hombre,General,Q4 24,28/12/2024,Orange,Pantalon,,32.0,
