empresa;codigoarticulo;codigoparticular;articulo;rubro;costo;preciopublico;marca;superrubro;gruposuperrubro;familia;ult_fechaingreso;color;silueta;sitioparapublicar;porcentajedescuento;web
Construmax;1;704294365-1;Sierra Modelo 890;Herramientas Manuales;99.48;197.03;FixMaster;Profesional;Manual;Acero;8/6/2024;Rojo;Sierra;;;
Construmax;2;923156516-8;Destornillador Modelo 499;Herramientas Manuales;257.02;462.44;Structo;Profesional;Seguridad;Plástico;26/1/2024;Amarillo;Destornillador;;;
MaxPro SRL;3;275403922-8;Nivel Modelo 861;Accesorios de Construcción;187.47;320.33;Renova;Hogar;Seguridad;Plástico;8/8/2024;Gris;Nivel;;;
MaxPro SRL;4;599113670-X;Taladro Modelo 321;Accesorios de Construcción;457.73;869.65;HardyWorks;Hogar;Seguridad;Madera;29/12/2024;Gris;Taladro;;;
Construmax;5;716768490-2;Taladro Modelo 861;Fijaciones y Anclajes;463.06;725.01;PowerFix;Profesional;Eléctrica;Plástico;13/9/2024;Verde;Taladro;;;
Construmax;6;662404662-7;Taladro Modelo 610;Equipos de Seguridad;465.62;661.3;MegaTool;Profesional;Eléctrica;Plástico;26/4/2024;Verde;Taladro;;;
Construmax;7;351460790-7;Nivel Modelo 172;Herramientas Eléctricas;131.7;230.76;Construtek;Hogar;Manual;Plástico;31/7/2024;Gris;Nivel;;;
Construmax;8;082613478-5;Casco de seguridad Modelo 680;Equipos de Seguridad;277.14;500.38;Renova;Hogar;Eléctrica;Madera;13/1/2024;Blanco;Casco de seguridad;;20.0;
MaxPro SRL;9;795048851-4;Cinta métrica Modelo 421;Herramientas Manuales;192.22;349.05;PowerFix;Profesional;Eléctrica;Goma;23/11/2024;Blanco;Cinta métrica;;46.0;
Construmax;10;207950672-2;Clavos Modelo 545;Equipos de Seguridad;348.64;467.3;BuildPro;Profesional;Neumática;Aluminio;18/2/2024;Amarillo;Clavos;;;
Construmax;11;637938760-9;Taladro Modelo 794;Equipos de Seguridad;45.48;79.61;Renova;Hogar;Medición;Plástico;26/12/2024;Verde;Taladro;;;
MaxPro SRL;12;597681139-6;Tornillos Modelo 368;Herramientas Eléctricas;473.74;623.62;Construtek;Profesional;Neumática;Aluminio;15/5/2024;Verde;Tornillos;;38.0;
Construmax;13;425047690-1;Pinza Modelo 127;Equipos de Seguridad;168.75;245.5;FerroMax;Hogar;Manual;Goma;4/8/2024;Rojo;Pinza;;;
MaxPro SRL;14;956122238-8;Clavos Modelo 600;Equipos de Seguridad;104.27;176.31;FerroMax;Profesional;Medición;Goma;30/9/2024;Amarillo;Clavos;;;
MaxPro SRL;15;101891850-7;Clavos Modelo 104;Accesorios de Construcción;274.29;426.95;BuildPro;Hogar;Medición;Goma;31/1/2024;Azul;Clavos;;48.0;
MaxPro SRL;16;199924492-3;Nivel Modelo 572;Accesorios de Construcción;270.63;417.6;FerroMax;Profesional;Eléctrica;Madera;9/11/2024;Negro;Nivel;;;
MaxPro SRL;17;619546601-8;Martillo Modelo 273;Herramientas Manuales;82.75;129.09;FixMaster;Hogar;Medición;Aluminio;6/5/2024;Gris;Martillo;;;
Construmax;18;509862398-7;Cutter Modelo 241;Fijaciones y Anclajes;449.86;588.13;Structo;Hogar;Manual;Plástico;27/4/2024;Negro;Cutter;;;
Construmax;19;380488577-2;Brocas Modelo 301;Accesorios de Construcción;386.61;562.51;PowerFix;Hogar;Seguridad;Acero;30/1/2024;Amarillo;Brocas;;23.0;
MaxPro SRL;20;022871299-8;Martillo Modelo 772;Fijaciones y Anclajes;140.63;243.18;TitanTools;Hogar;Neumática;Plástico;18/2/2024;Naranja;Martillo;;28.0;
MaxPro SRL;21;243961690-7;Nivel Modelo 541;Accesorios de Construcción;215.81;381.63;Construtek;Profesional;Seguridad;Acero;21/6/2024;Rojo;Nivel;;;
Construmax;22;061313152-5;Casco de seguridad Modelo 246;Herramientas Eléctricas;222.59;433.65;PowerFix;Hogar;Manual;Madera;29/12/2024;Azul;Casco de seguridad;;;
MaxPro SRL;23;366451144-1;Clavos Modelo 150;Herramientas Manuales;347.16;679.96;Structo;Profesional;Manual;Aluminio;16/7/2024;Rojo;Clavos;;44.0;
MaxPro SRL;24;954717269-7;Casco de seguridad Modelo 477;Herramientas Manuales;432.46;527.41;Renova;Profesional;Manual;Aluminio;24/2/2024;Rojo;Casco de seguridad;;;
Construmax;25;780192867-9;Nivel Modelo 658;Equipos de Seguridad;238.06;378.28;MegaTool;Hogar;Neumática;Madera;19/9/2024;Verde;Nivel;;1.0;
Construmax;26;118413385-9;Martillo Modelo 469;Herramientas Manuales;283.77;460.25;FerroMax;Hogar;Seguridad;Madera;30/8/2024;Rojo;Martillo;;;
MaxPro SRL;27;186842568-1;Cutter Modelo 579;Fijaciones y Anclajes;177.86;295.39;Structo;Profesional;Medición;Aluminio;6/10/2024;Blanco;Cutter;;4.0;
Construmax;28;378340684-6;Espátula Modelo 799;Equipos de Seguridad;25.93;38.15;BuildPro;Hogar;Manual;Madera;24/2/2024;Amarillo;Espátula;;;
MaxPro SRL;29;784226565-8;Pinza Modelo 125;Fijaciones y Anclajes;90.32;123.31;FerroMax;Hogar;Seguridad;Acero;17/9/2024;Azul;Pinza;;;
Construmax;30;204747896-0;Cinta métrica Modelo 351;Accesorios de Construcción;181.51;258.74;HardyWorks;Profesional;Seguridad;Goma;22/1/2024;Naranja;Cinta métrica;;;
MaxPro SRL;31;724243147-6;Casco de seguridad Modelo 388;Fijaciones y Anclajes;82.45;134.06;PowerFix;Profesional;Medición;Aluminio;29/1/2024;Rojo;Casco de seguridad;;2.0;
Construmax;32;840152202-1;Sierra Modelo 364;Herramientas Eléctricas;50.2;95.65;BuildPro;Hogar;Seguridad;Acero;9/9/2024;Blanco;Sierra;;;
MaxPro SRL;33;633068701-3;Martillo Modelo 742;Herramientas Manuales;150.44;238.91;TitanTools;Hogar;Seguridad;Aluminio;6/5/2024;Azul;Martillo;;;
MaxPro SRL;34;329260954-2;Taladro Modelo 234;Herramientas Manuales;120.36;198.57;TitanTools;Hogar;Neumática;Aluminio;17/7/2024;Negro;Taladro;;;
Construmax;35;954529232-6;Guantes Modelo 795;Fijaciones y Anclajes;236.74;335.85;FixMaster;Hogar;Neumática;Aluminio;17/5/2024;Amarillo;Guantes;;;
MaxPro SRL;36;194335112-0;Brocas Modelo 100;Herramientas Manuales;485.51;941.37;PowerFix;Hogar;Seguridad;Madera;11/4/2024;Negro;Brocas;;45.0;
MaxPro SRL;37;376936850-9;Llave inglesa Modelo 367;Herramientas Manuales;129.09;171.28;BuildPro;Hogar;Neumática;Goma;2/8/2024;Azul;Llave inglesa;;;
MaxPro SRL;38;906662294-6;Pinza Modelo 182;Equipos de Seguridad;402.04;749.87;TitanTools;Hogar;Medición;Acero;22/12/2024;Amarillo;Pinza;;;
MaxPro SRL;39;464097279-2;Cinta métrica Modelo 687;Herramientas Manuales;89.54;167.38;FixMaster;Hogar;Eléctrica;Madera;3/12/2024;Amarillo;Cinta métrica;;;
Construmax;40;781180293-7;Nivel Modelo 435;Accesorios de Construcción;269.6;358.75;Renova;Profesional;Seguridad;Aluminio;5/6/2024;Amarillo;Nivel;;;
Construmax;41;638836646-5;Pinza Modelo 929;Herramientas Eléctricas;340.72;545.74;HardyWorks;Profesional;Eléctrica;Madera;19/5/2024;Negro;Pinza;;;
MaxPro SRL;42;287422385-9;Sierra Modelo 382;Equipos de Seguridad;120.18;207.85;TitanTools;Hogar;Neumática;Plástico;22/3/2024;Blanco;Sierra;;;
MaxPro SRL;43;936689876-9;Tornillos Modelo 746;Fijaciones y Anclajes;193.22;379.13;MegaTool;Hogar;Neumática;Acero;9/5/2024;Verde;Tornillos;;;
Construmax;44;494000004-4;Taladro Modelo 506;Accesorios de Construcción;162.73;243.57;MegaTool;Hogar;Manual;Acero;16/11/2024;Naranja;Taladro;;40.0;
MaxPro SRL;45;472523557-1;Cinta métrica Modelo 790;Herramientas Manuales;284.64;369.05;FerroMax;Profesional;Eléctrica;Madera;24/2/2024;Gris;Cinta métrica;;;
Construmax;46;308651802-2;Llave inglesa Modelo 349;Herramientas Manuales;68.82;93.63;FerroMax;Profesional;Neumática;Goma;12/10/2024;Blanco;Llave inglesa;;26.0;
Construmax;47;893637173-8;Pinza Modelo 453;Equipos de Seguridad;151.82;204.66;Construtek;Hogar;Neumática;Goma;22/5/2024;Azul;Pinza;;;
MaxPro SRL;48;125121246-8;Guantes Modelo 111;Fijaciones y Anclajes;168.07;332.75;Renova;Profesional;Seguridad;Madera;12/6/2024;Verde;Guantes;;;
Construmax;49;366023302-1;Espátula Modelo 547;Herramientas Eléctricas;113.59;138.56;Structo;Profesional;Eléctrica;Goma;7/6/2024;Blanco;Espátula;;;
MaxPro SRL;50;569484750-4;Tornillos Modelo 764;Accesorios de Construcción;11.07;17.51;FixMaster;Hogar;Seguridad;Madera;16/8/2024;Blanco;Tornillos;;;
MaxPro SRL;51;750077709-4;Guantes Modelo 813;Fijaciones y Anclajes;484.26;799.69;PowerFix;Profesional;Manual;Goma;28/5/2024;Amarillo;Guantes;;;
Construmax;52;215579979-9;Destornillador Modelo 526;Herramientas Eléctricas;90.67;168.13;FixMaster;Profesional;Eléctrica;Goma;23/11/2024;Naranja;Destornillador;;50.0;
MaxPro SRL;53;658335650-3;Taladro Modelo 476;Equipos de Seguridad;381.15;577.07;FerroMax;Profesional;Neumática;Goma;11/8/2024;Verde;Taladro;;;
Construmax;54;547110613-X;Espátula Modelo 718;Herramientas Manuales;488.8;920.74;TitanTools;Profesional;Medición;Goma;20/3/2024;Azul;Espátula;;;
MaxPro SRL;55;993262171-4;Casco de seguridad Modelo 431;Fijaciones y Anclajes;435.8;692.38;Structo;Profesional;Eléctrica;Goma;30/9/2024;Negro;Casco de seguridad;;;
Construmax;56;246562491-1;Martillo Modelo 703;Accesorios de Construcción;383.68;520.92;PowerFix;Profesional;Eléctrica;Goma;14/7/2024;Naranja;Martillo;;;
Construmax;57;705030141-8;Espátula Modelo 769;Accesorios de Construcción;120.92;227.61;BuildPro;Profesional;Seguridad;Plástico;27/4/2024;Rojo;Espátula;;;
MaxPro SRL;58;377682933-8;Destornillador Modelo 995;Accesorios de Construcción;166.01;266.21;TitanTools;Hogar;Neumática;Madera;10/5/2024;Negro;Destornillador;;;
Construmax;59;265488830-4;Brocas Modelo 936;Accesorios de Construcción;136.14;211.69;Renova;Hogar;Medición;Goma;24/6/2024;Naranja;Brocas;;;
Construmax;60;258700130-7;Martillo Modelo 166;Accesorios de Construcción;64.04;79.33;PowerFix;Hogar;Manual;Madera;29/4/2024;Verde;Martillo;;;
Construmax;61;395596398-5;Destornillador Modelo 768;Herramientas Eléctricas;348.13;494.29;BuildPro;Hogar;Eléctrica;Plástico;8/10/2024;Naranja;Destornillador;;;
MaxPro SRL;62;330833117-9;Destornillador Modelo 649;Fijaciones y Anclajes;437.83;869.04;MegaTool;Hogar;Neumática;Goma;22/8/2024;Blanco;Destornillador;;;
MaxPro SRL;63;263421367-0;Cutter Modelo 525;Herramientas Eléctricas;235.55;287.99;PowerFix;Hogar;Medición;Goma;5/10/2024;Blanco;Cutter;;;
MaxPro SRL;64;782783134-6;Brocas Modelo 396;Accesorios de Construcción;280.2;436.66;Construtek;Hogar;Manual;Plástico;10/11/2024;Verde;Brocas;;;
Construmax;65;604505944-1;Sierra Modelo 127;Accesorios de Construcción;33.52;48.75;FerroMax;Profesional;Neumática;Acero;15/10/2024;Rojo;Sierra;;;
Construmax;66;681913453-3;Brocas Modelo 327;Herramientas Eléctricas;93.59;112.71;Structo;Profesional;Eléctrica;Aluminio;28/2/2024;Amarillo;Brocas;;;
MaxPro SRL;67;695377387-1;Martillo Modelo 781;Herramientas Eléctricas;496.41;783.1;FerroMax;Profesional;Medición;Madera;5/9/2024;Rojo;Martillo;;;
MaxPro SRL;68;093482139-9;Llave inglesa Modelo 878;Equipos de Seguridad;439.22;766.7;TitanTools;Profesional;Medición;Aluminio;21/1/2024;Amarillo;Llave inglesa;;4.0;
Construmax;69;680096173-6;Pinza Modelo 910;Herramientas Eléctricas;482.61;884.59;Structo;Hogar;Neumática;Aluminio;22/6/2024;Verde;Pinza;;;
Construmax;70;285272728-5;Destornillador Modelo 709;Accesorios de Construcción;63.03;97.61;FixMaster;Hogar;Neumática;Aluminio;28/8/2024;Verde;Destornillador;;;
Construmax;71;439953290-4;Cinta métrica Modelo 928;Accesorios de Construcción;292.89;542.65;BuildPro;Hogar;Medición;Goma;24/12/2024;Verde;Cinta métrica;;;
Construmax;72;802355334-8;Casco de seguridad Modelo 503;Equipos de Seguridad;100.34;189.45;BuildPro;Profesional;Neumática;Plástico;27/5/2024;Amarillo;Casco de seguridad;;;
Construmax;73;802049483-9;Llave inglesa Modelo 300;Herramientas Eléctricas;99.33;198.11;Construtek;Profesional;Manual;Madera;24/1/2024;Rojo;Llave inglesa;;42.0;
Construmax;74;499439460-1;Nivel Modelo 142;Accesorios de Construcción;198.0;284.16;TitanTools;Profesional;Neumática;Plástico;19/12/2024;Rojo;Nivel;;;
Construmax;75;295712580-3;Martillo Modelo 215;Herramientas Manuales;98.42;151.77;PowerFix;Profesional;Medición;Plástico;27/3/2024;Negro;Martillo;;;
Construmax;76;890786912-X;Taladro Modelo 168;Accesorios de Construcción;334.68;635.77;MegaTool;Profesional;Seguridad;Aluminio;12/2/2024;Blanco;Taladro;;;
MaxPro SRL;77;553151547-2;Casco de seguridad Modelo 202;Equipos de Seguridad;354.99;430.42;FixMaster;Profesional;Neumática;Madera;20/4/2024;Negro;Casco de seguridad;;;
Construmax;78;329633900-0;Nivel Modelo 799;Fijaciones y Anclajes;302.03;568.79;BuildPro;Hogar;Medición;Goma;12/6/2024;Amarillo;Nivel;;;
Construmax;79;449069231-5;Pinza Modelo 536;Accesorios de Construcción;410.86;606.25;Renova;Hogar;Seguridad;Goma;30/11/2024;Azul;Pinza;;;
Construmax;80;393445888-2;Pinza Modelo 819;Equipos de Seguridad;113.47;195.5;Construtek;Hogar;Neumática;Madera;8/8/2024;Naranja;Pinza;;;
MaxPro SRL;81;316734277-3;Brocas Modelo 659;Accesorios de Construcción;143.3;191.28;BuildPro;Profesional;Eléctrica;Plástico;20/8/2024;Naranja;Brocas;;;
Construmax;82;274708645-3;Martillo Modelo 640;Accesorios de Construcción;32.27;49.95;HardyWorks;Hogar;Neumática;Plástico;25/4/2024;Naranja;Martillo;;;
Construmax;83;111000518-0;Guantes Modelo 889;Herramientas Manuales;85.05;137.45;Structo;Hogar;Seguridad;Goma;17/5/2024;Verde;Guantes;;;
MaxPro SRL;84;382920074-9;Sierra Modelo 529;Equipos de Seguridad;78.64;97.33;HardyWorks;Hogar;Seguridad;Madera;1/6/2024;Gris;Sierra;;;
MaxPro SRL;85;229074161-2;Brocas Modelo 868;Herramientas Manuales;403.92;549.9;HardyWorks;Hogar;Medición;Madera;17/9/2024;Gris;Brocas;;17.0;
Construmax;86;674367527-X;Brocas Modelo 142;Fijaciones y Anclajes;359.67;640.84;FerroMax;Profesional;Seguridad;Goma;24/6/2024;Rojo;Brocas;;;
MaxPro SRL;87;314187053-5;Guantes Modelo 340;Herramientas Manuales;257.12;467.16;BuildPro;Profesional;Medición;Acero;29/3/2024;Negro;Guantes;;;
MaxPro SRL;88;025276845-0;Destornillador Modelo 374;Fijaciones y Anclajes;120.63;190.53;TitanTools;Hogar;Neumática;Madera;1/9/2024;Gris;Destornillador;;;
MaxPro SRL;89;069135474-X;Martillo Modelo 991;Fijaciones y Anclajes;389.23;706.59;HardyWorks;Profesional;Medición;Madera;17/11/2024;Azul;Martillo;;;
Construmax;90;970625599-0;Llave inglesa Modelo 134;Herramientas Eléctricas;140.43;178.86;Construtek;Hogar;Medición;Madera;3/4/2024;Verde;Llave inglesa;;7.0;
MaxPro SRL;91;788394317-0;Espátula Modelo 761;Fijaciones y Anclajes;146.24;190.38;Renova;Hogar;Medición;Aluminio;17/9/2024;Naranja;Espátula;;;
Construmax;92;361086600-4;Pinza Modelo 473;Equipos de Seguridad;481.11;952.49;HardyWorks;Profesional;Medición;Goma;20/12/2024;Rojo;Pinza;;;
Construmax;93;477014506-3;Guantes Modelo 469;Herramientas Eléctricas;191.4;338.96;FerroMax;Profesional;Manual;Plástico;17/8/2024;Naranja;Guantes;;;
Construmax;94;481374134-7;Casco de seguridad Modelo 776;Fijaciones y Anclajes;321.27;571.96;Structo;Hogar;Medición;Goma;11/12/2024;Amarillo;Casco de seguridad;;38.0;
Construmax;95;997676172-4;Llave inglesa Modelo 393;Herramientas Manuales;287.22;375.9;PowerFix;Hogar;Neumática;Plástico;14/4/2024;Gris;Llave inglesa;;11.0;
MaxPro SRL;96;391943566-4;Pinza Modelo 790;Accesorios de Construcción;63.78;93.84;MegaTool;Hogar;Neumática;Aluminio;28/11/2024;Amarillo;Pinza;;18.0;
MaxPro SRL;97;013487401-3;Martillo Modelo 154;Equipos de Seguridad;44.05;74.71;TitanTools;Hogar;Neumática;Aluminio;8/11/2024;Rojo;Martillo;;;
MaxPro SRL;98;657441081-9;Sierra Modelo 904;Herramientas Manuales;398.84;632.46;Renova;Profesional;Medición;Aluminio;10/12/2024;Naranja;Sierra;;;
MaxPro SRL;99;349194528-3;Destornillador Modelo 382;Herramientas Eléctricas;386.56;615.52;PowerFix;Hogar;Neumática;Aluminio;24/10/2024;Naranja;Destornillador;;;
MaxPro SRL;100;540758732-7;Espátula Modelo 602;Equipos de Seguridad;446.2;626.77;Construtek;Profesional;Neumática;Aluminio;16/2/2024;Gris;Espátula;;32.0;
MaxPro SRL;101;302707164-5;Nivel Modelo 275;Fijaciones y Anclajes;256.75;371.05;PowerFix;Hogar;Medición;Acero;2/6/2024;Amarillo;Nivel;;25.0;
Construmax;102;366474344-X;Martillo Modelo 814;Fijaciones y Anclajes;410.51;577.32;TitanTools;Profesional;Neumática;Goma;15/5/2024;Blanco;Martillo;;;
MaxPro SRL;103;615144230-X;Guantes Modelo 581;Herramientas Manuales;56.93;75.68;PowerFix;Profesional;Eléctrica;Aluminio;4/11/2024;Rojo;Guantes;;;
Construmax;104;458649133-7;Espátula Modelo 806;Herramientas Eléctricas;364.32;514.75;MegaTool;Profesional;Medición;Aluminio;11/9/2024;Verde;Espátula;;;
MaxPro SRL;105;907991669-2;Cinta métrica Modelo 873;Equipos de Seguridad;37.68;54.82;PowerFix;Hogar;Seguridad;Goma;18/2/2024;Naranja;Cinta métrica;;1.0;
MaxPro SRL;106;791617075-2;Espátula Modelo 812;Herramientas Manuales;404.96;781.59;HardyWorks;Hogar;Eléctrica;Goma;17/2/2024;Azul;Espátula;;45.0;
Construmax;107;577229339-7;Espátula Modelo 986;Fijaciones y Anclajes;489.1;770.06;MegaTool;Hogar;Seguridad;Madera;22/2/2024;Rojo;Espátula;;;
MaxPro SRL;108;184088793-1;Martillo Modelo 452;Equipos de Seguridad;417.04;805.42;FerroMax;Hogar;Neumática;Goma;14/3/2024;Negro;Martillo;;18.0;
Construmax;109;884625998-X;Destornillador Modelo 353;Herramientas Manuales;45.77;86.51;HardyWorks;Profesional;Seguridad;Madera;27/1/2024;Negro;Destornillador;;;
MaxPro SRL;110;480336184-3;Taladro Modelo 455;Equipos de Seguridad;257.48;342.86;MegaTool;Hogar;Manual;Madera;21/4/2024;Azul;Taladro;;19.0;
MaxPro SRL;111;520043849-7;Tornillos Modelo 539;Fijaciones y Anclajes;308.02;574.3;HardyWorks;Hogar;Neumática;Madera;13/3/2024;Negro;Tornillos;;;
MaxPro SRL;112;971963663-7;Martillo Modelo 474;Herramientas Manuales;435.9;703.48;FerroMax;Profesional;Manual;Goma;4/1/2024;Amarillo;Martillo;;;
MaxPro SRL;113;814007937-5;Martillo Modelo 835;Herramientas Eléctricas;270.25;492.64;FixMaster;Profesional;Eléctrica;Madera;19/2/2024;Amarillo;Martillo;;;
Construmax;114;760145298-0;Clavos Modelo 137;Equipos de Seguridad;31.97;47.06;FerroMax;Hogar;Seguridad;Madera;31/8/2024;Naranja;Clavos;;;
MaxPro SRL;115;294717595-6;Brocas Modelo 438;Herramientas Eléctricas;40.0;52.51;BuildPro;Hogar;Manual;Plástico;4/7/2024;Rojo;Brocas;;;
MaxPro SRL;116;343631208-8;Casco de seguridad Modelo 868;Herramientas Eléctricas;181.72;303.55;Renova;Hogar;Manual;Goma;10/12/2024;Naranja;Casco de seguridad;;;
MaxPro SRL;117;883371219-2;Taladro Modelo 896;Herramientas Eléctricas;221.11;267.54;Structo;Profesional;Manual;Madera;16/6/2024;Negro;Taladro;;;
Construmax;118;604371299-7;Casco de seguridad Modelo 375;Accesorios de Construcción;60.8;79.1;Structo;Hogar;Manual;Plástico;11/11/2024;Azul;Casco de seguridad;;;
Construmax;119;749744352-6;Guantes Modelo 163;Fijaciones y Anclajes;96.62;152.44;HardyWorks;Profesional;Seguridad;Aluminio;5/8/2024;Blanco;Guantes;;;
MaxPro SRL;120;097135112-0;Sierra Modelo 905;Accesorios de Construcción;26.23;39.2;TitanTools;Hogar;Seguridad;Aluminio;11/10/2024;Gris;Sierra;;;
Construmax;121;518942872-9;Taladro Modelo 626;Fijaciones y Anclajes;488.69;659.37;Structo;Profesional;Eléctrica;Aluminio;7/7/2024;Azul;Taladro;;;
Construmax;122;717154654-3;Brocas Modelo 875;Herramientas Manuales;350.65;602.5;Renova;Hogar;Manual;Plástico;26/6/2024;Gris;Brocas;;;
Construmax;123;159426197-0;Cutter Modelo 213;Herramientas Eléctricas;228.88;342.63;Renova;Hogar;Manual;Acero;28/10/2024;Gris;Cutter;;;
Construmax;124;190687922-2;Taladro Modelo 285;Fijaciones y Anclajes;417.62;590.95;PowerFix;Hogar;Neumática;Plástico;10/9/2024;Verde;Taladro;;;
MaxPro SRL;125;230872699-7;Guantes Modelo 503;Equipos de Seguridad;113.78;219.5;TitanTools;Hogar;Eléctrica;Goma;7/1/2024;Verde;Guantes;;14.0;
MaxPro SRL;126;880308809-1;Pinza Modelo 302;Herramientas Manuales;394.93;676.38;TitanTools;Hogar;Seguridad;Aluminio;22/5/2024;Azul;Pinza;;;
MaxPro SRL;127;760389741-6;Cinta métrica Modelo 160;Herramientas Manuales;298.33;363.41;Renova;Hogar;Manual;Goma;10/12/2024;Azul;Cinta métrica;;;
MaxPro SRL;128;863824440-1;Tornillos Modelo 170;Herramientas Manuales;215.88;349.85;Construtek;Hogar;Eléctrica;Goma;30/11/2024;Verde;Tornillos;;2.0;
Construmax;129;237629715-X;Cutter Modelo 645;Herramientas Manuales;316.38;401.97;TitanTools;Profesional;Seguridad;Goma;13/3/2024;Azul;Cutter;;;
Construmax;130;579716555-4;Destornillador Modelo 825;Equipos de Seguridad;20.17;40.18;Renova;Profesional;Seguridad;Aluminio;14/4/2024;Naranja;Destornillador;;;
MaxPro SRL;131;004249225-4;Taladro Modelo 716;Accesorios de Construcción;76.41;129.22;Structo;Hogar;Manual;Madera;8/9/2024;Amarillo;Taladro;;;
MaxPro SRL;132;561953327-1;Cutter Modelo 441;Herramientas Manuales;349.28;427.74;MegaTool;Profesional;Seguridad;Goma;27/7/2024;Verde;Cutter;;;
Construmax;133;879838545-3;Martillo Modelo 875;Equipos de Seguridad;308.38;524.43;BuildPro;Hogar;Manual;Acero;22/4/2024;Azul;Martillo;;;
Construmax;134;517860029-0;Nivel Modelo 907;Accesorios de Construcción;316.98;500.79;FerroMax;Hogar;Eléctrica;Aluminio;1/3/2024;Negro;Nivel;;;
Construmax;135;444936040-0;Nivel Modelo 453;Herramientas Manuales;464.63;837.26;PowerFix;Profesional;Eléctrica;Aluminio;2/12/2024;Blanco;Nivel;;;
MaxPro SRL;136;710489084-X;Sierra Modelo 130;Equipos de Seguridad;109.47;161.98;MegaTool;Hogar;Medición;Goma;1/12/2024;Rojo;Sierra;;7.0;
MaxPro SRL;137;086334507-7;Tornillos Modelo 489;Equipos de Seguridad;106.84;148.76;TitanTools;Profesional;Medición;Madera;21/1/2024;Rojo;Tornillos;;;
MaxPro SRL;138;659052907-8;Cinta métrica Modelo 282;Herramientas Manuales;168.78;322.98;Renova;Hogar;Neumática;Goma;28/8/2024;Blanco;Cinta métrica;;;
MaxPro SRL;139;178032235-6;Martillo Modelo 576;Herramientas Manuales;129.9;240.67;Structo;Profesional;Eléctrica;Acero;16/8/2024;Rojo;Martillo;;2.0;
Construmax;140;350501066-9;Nivel Modelo 379;Herramientas Manuales;184.92;352.09;Structo;Profesional;Manual;Madera;20/12/2024;Naranja;Nivel;;;
MaxPro SRL;141;244819191-3;Martillo Modelo 946;Equipos de Seguridad;382.84;471.29;FerroMax;Hogar;Neumática;Acero;29/10/2024;Gris;Martillo;;;
Construmax;142;050788543-0;Tornillos Modelo 640;Herramientas Eléctricas;112.49;192.6;PowerFix;Hogar;Medición;Acero;23/11/2024;Negro;Tornillos;;13.0;
Construmax;143;832950387-9;Nivel Modelo 313;Accesorios de Construcción;407.06;747.99;PowerFix;Hogar;Eléctrica;Aluminio;13/6/2024;Blanco;Nivel;;;
Construmax;144;585143601-8;Cinta métrica Modelo 268;Fijaciones y Anclajes;322.83;467.4;BuildPro;Hogar;Seguridad;Plástico;26/7/2024;Blanco;Cinta métrica;;;
Construmax;145;044560920-6;Casco de seguridad Modelo 730;Accesorios de Construcción;343.04;423.24;PowerFix;Profesional;Eléctrica;Madera;11/12/2024;Gris;Casco de seguridad;;;
MaxPro SRL;146;526164117-9;Cinta métrica Modelo 454;Herramientas Eléctricas;21.41;29.91;PowerFix;Profesional;Manual;Plástico;20/5/2024;Verde;Cinta métrica;;14.0;
MaxPro SRL;147;140687974-6;Tornillos Modelo 619;Fijaciones y Anclajes;498.51;804.25;HardyWorks;Profesional;Seguridad;Acero;5/3/2024;Blanco;Tornillos;;;
MaxPro SRL;148;255680021-6;Cutter Modelo 146;Herramientas Eléctricas;149.54;278.09;HardyWorks;Hogar;Seguridad;Madera;25/1/2024;Verde;Cutter;;;
Construmax;149;829647199-X;Clavos Modelo 663;Fijaciones y Anclajes;229.27;301.54;BuildPro;Profesional;Seguridad;Goma;11/12/2024;Rojo;Clavos;;;
MaxPro SRL;150;420965420-5;Nivel Modelo 914;Fijaciones y Anclajes;339.79;488.99;PowerFix;Hogar;Medición;Acero;27/11/2024;Rojo;Nivel;;45.0;
MaxPro SRL;151;398560788-5;Clavos Modelo 386;Fijaciones y Anclajes;173.65;247.22;HardyWorks;Profesional;Manual;Goma;5/6/2024;Amarillo;Clavos;;;
MaxPro SRL;152;299142165-7;Sierra Modelo 109;Accesorios de Construcción;203.04;284.74;HardyWorks;Hogar;Seguridad;Goma;5/2/2024;Rojo;Sierra;;;
MaxPro SRL;153;328426992-4;Martillo Modelo 732;Fijaciones y Anclajes;36.13;53.96;HardyWorks;Hogar;Neumática;Madera;29/12/2024;Naranja;Martillo;;;
MaxPro SRL;154;366420383-6;Taladro Modelo 449;Fijaciones y Anclajes;290.64;562.21;Structo;Profesional;Seguridad;Madera;30/10/2024;Azul;Taladro;;43.0;
Construmax;155;126313707-5;Cutter Modelo 975;Herramientas Manuales;128.58;201.35;PowerFix;Profesional;Neumática;Madera;18/3/2024;Azul;Cutter;;;
Construmax;156;532058311-7;Destornillador Modelo 717;Fijaciones y Anclajes;191.57;338.33;TitanTools;Profesional;Seguridad;Aluminio;5/9/2024;Gris;Destornillador;;;
Construmax;157;568877090-2;Sierra Modelo 276;Fijaciones y Anclajes;214.05;384.25;HardyWorks;Profesional;Eléctrica;Acero;14/8/2024;Negro;Sierra;;;
Construmax;158;286865959-4;Cinta métrica Modelo 892;Herramientas Eléctricas;50.39;94.11;FixMaster;Hogar;Medición;Acero;7/9/2024;Azul;Cinta métrica;;;
Construmax;159;111219021-X;Casco de seguridad Modelo 512;Herramientas Manuales;392.36;639.65;FerroMax;Profesional;Neumática;Acero;20/8/2024;Blanco;Casco de seguridad;;;
MaxPro SRL;160;294112295-8;Tornillos Modelo 866;Herramientas Manuales;472.64;929.6;Construtek;Profesional;Manual;Aluminio;2/8/2024;Amarillo;Tornillos;;;
MaxPro SRL;161;265589120-1;Espátula Modelo 658;Fijaciones y Anclajes;112.87;143.76;Renova;Hogar;Medición;Acero;30/7/2024;Blanco;Espátula;;17.0;
Construmax;162;082198012-2;Cutter Modelo 271;Accesorios de Construcción;437.33;720.12;FixMaster;Hogar;Eléctrica;Aluminio;14/4/2024;Azul;Cutter;;;
MaxPro SRL;163;416594853-5;Sierra Modelo 715;Fijaciones y Anclajes;206.91;409.11;BuildPro;Profesional;Eléctrica;Acero;10/4/2024;Rojo;Sierra;;;
Construmax;164;733253289-1;Cutter Modelo 858;Accesorios de Construcción;438.19;737.73;FerroMax;Hogar;Medición;Aluminio;17/1/2024;Azul;Cutter;;;
MaxPro SRL;165;089837862-1;Clavos Modelo 406;Equipos de Seguridad;355.47;481.22;Structo;Profesional;Seguridad;Goma;25/9/2024;Blanco;Clavos;;31.0;
Construmax;166;811681489-3;Taladro Modelo 838;Herramientas Eléctricas;370.03;551.86;TitanTools;Profesional;Neumática;Goma;9/5/2024;Azul;Taladro;;;
MaxPro SRL;167;904294916-3;Sierra Modelo 439;Accesorios de Construcción;257.87;498.97;Structo;Profesional;Manual;Goma;18/11/2024;Naranja;Sierra;;;
MaxPro SRL;168;241848447-5;Cutter Modelo 179;Herramientas Eléctricas;362.96;598.89;HardyWorks;Hogar;Neumática;Madera;13/3/2024;Verde;Cutter;;7.0;
MaxPro SRL;169;452127711-X;Cutter Modelo 916;Herramientas Eléctricas;198.69;372.29;MegaTool;Profesional;Manual;Madera;29/4/2024;Naranja;Cutter;;;
Construmax;170;090523587-8;Espátula Modelo 468;Accesorios de Construcción;192.17;340.58;TitanTools;Profesional;Seguridad;Acero;27/5/2024;Rojo;Espátula;;;
Construmax;171;584235017-3;Cutter Modelo 891;Herramientas Manuales;109.56;206.01;HardyWorks;Profesional;Seguridad;Madera;4/10/2024;Azul;Cutter;;;
MaxPro SRL;172;294637545-5;Martillo Modelo 452;Equipos de Seguridad;166.37;209.27;TitanTools;Hogar;Neumática;Plástico;9/1/2024;Gris;Martillo;;;
MaxPro SRL;173;683546279-5;Brocas Modelo 972;Equipos de Seguridad;362.48;493.96;FerroMax;Profesional;Medición;Plástico;20/10/2024;Blanco;Brocas;;46.0;
Construmax;174;560666449-6;Nivel Modelo 157;Fijaciones y Anclajes;453.17;867.25;BuildPro;Profesional;Eléctrica;Madera;5/12/2024;Naranja;Nivel;;18.0;
MaxPro SRL;175;637016159-4;Espátula Modelo 327;Fijaciones y Anclajes;423.43;762.18;PowerFix;Hogar;Neumática;Madera;9/5/2024;Rojo;Espátula;;;
MaxPro SRL;176;733531783-5;Destornillador Modelo 418;Herramientas Manuales;497.84;812.57;Construtek;Profesional;Manual;Aluminio;28/4/2024;Naranja;Destornillador;;;
Construmax;177;180730720-4;Casco de seguridad Modelo 212;Equipos de Seguridad;108.55;190.09;FerroMax;Hogar;Manual;Madera;30/8/2024;Gris;Casco de seguridad;;;
Construmax;178;250349891-4;Guantes Modelo 605;Herramientas Eléctricas;28.96;45.49;FixMaster;Profesional;Neumática;Acero;16/5/2024;Gris;Guantes;;;
Construmax;179;076768216-5;Brocas Modelo 482;Fijaciones y Anclajes;32.63;50.56;HardyWorks;Profesional;Medición;Goma;23/7/2024;Negro;Brocas;;;
Construmax;180;692162784-5;Pinza Modelo 874;Herramientas Eléctricas;484.36;875.7;PowerFix;Hogar;Manual;Goma;16/4/2024;Gris;Pinza;;;
MaxPro SRL;181;782575938-9;Cutter Modelo 487;Herramientas Manuales;47.53;85.58;FerroMax;Hogar;Manual;Goma;21/11/2024;Negro;Cutter;;;
Construmax;182;958685479-5;Cinta métrica Modelo 501;Herramientas Manuales;367.82;705.12;Renova;Hogar;Neumática;Acero;7/2/2024;Amarillo;Cinta métrica;;;
MaxPro SRL;183;817121714-1;Espátula Modelo 705;Herramientas Eléctricas;480.45;833.2;Structo;Profesional;Manual;Goma;12/11/2024;Blanco;Espátula;;;
Construmax;184;244669424-1;Clavos Modelo 988;Herramientas Eléctricas;377.59;720.45;PowerFix;Hogar;Seguridad;Acero;31/7/2024;Blanco;Clavos;;;
MaxPro SRL;185;386884884-3;Taladro Modelo 647;Accesorios de Construcción;234.97;360.92;Construtek;Hogar;Medición;Goma;8/3/2024;Blanco;Taladro;;47.0;
MaxPro SRL;186;408419913-3;Destornillador Modelo 854;Herramientas Manuales;80.02;121.14;Renova;Hogar;Manual;Plástico;28/9/2024;Rojo;Destornillador;;;
MaxPro SRL;187;078681284-2;Cinta métrica Modelo 941;Fijaciones y Anclajes;336.1;587.03;BuildPro;Profesional;Manual;Goma;27/5/2024;Negro;Cinta métrica;;;
MaxPro SRL;188;823721074-3;Clavos Modelo 353;Herramientas Manuales;326.75;500.57;TitanTools;Profesional;Manual;Plástico;25/12/2024;Gris;Clavos;;42.0;
MaxPro SRL;189;857158547-4;Sierra Modelo 649;Accesorios de Construcción;10.95;16.58;FixMaster;Hogar;Seguridad;Aluminio;28/12/2024;Amarillo;Sierra;;;
Construmax;190;872281501-5;Martillo Modelo 201;Equipos de Seguridad;282.33;413.71;MegaTool;Profesional;Eléctrica;Goma;16/6/2024;Rojo;Martillo;;;
MaxPro SRL;191;726699571-X;Sierra Modelo 861;Equipos de Seguridad;349.74;690.89;TitanTools;Hogar;Neumática;Acero;30/3/2024;Blanco;Sierra;;;
MaxPro SRL;192;866465702-5;Brocas Modelo 604;Accesorios de Construcción;343.08;665.08;Structo;Profesional;Neumática;Plástico;11/3/2024;Amarillo;Brocas;;;
Construmax;193;405845895-X;Cinta métrica Modelo 337;Accesorios de Construcción;385.47;723.82;HardyWorks;Profesional;Seguridad;Goma;12/9/2024;Azul;Cinta métrica;;;
Construmax;194;273437459-5;Martillo Modelo 742;Fijaciones y Anclajes;323.84;626.67;BuildPro;Profesional;Seguridad;Aluminio;10/11/2024;Gris;Martillo;;;
Construmax;195;193712548-3;Destornillador Modelo 511;Herramientas Manuales;391.28;638.67;Renova;Profesional;Medición;Madera;9/2/2024;Naranja;Destornillador;;18.0;
Construmax;196;907541846-9;Brocas Modelo 386;Equipos de Seguridad;383.49;523.32;TitanTools;Profesional;Neumática;Goma;23/12/2024;Verde;Brocas;;2.0;
MaxPro SRL;197;890285899-5;Cinta métrica Modelo 811;Fijaciones y Anclajes;441.36;816.39;MegaTool;Profesional;Eléctrica;Goma;9/8/2024;Azul;Cinta métrica;;;
MaxPro SRL;198;269135979-4;Taladro Modelo 354;Herramientas Manuales;254.49;352.77;Renova;Profesional;Neumática;Aluminio;27/10/2024;Negro;Taladro;;;
Construmax;199;606173966-4;Cutter Modelo 218;Accesorios de Construcción;91.9;171.92;FixMaster;Profesional;Neumática;Plástico;1/11/2024;Azul;Cutter;;;
Construmax;200;399803642-3;Taladro Modelo 105;Herramientas Eléctricas;418.66;606.85;MegaTool;Hogar;Medición;Goma;9/3/2024;Amarillo;Taladro;;19.0;
Construmax;201;755977124-6;Nivel Modelo 645;Equipos de Seguridad;60.34;77.42;Structo;Hogar;Neumática;Goma;17/1/2024;Naranja;Nivel;;;
MaxPro SRL;202;553442318-8;Sierra Modelo 555;Fijaciones y Anclajes;248.5;473.27;Construtek;Profesional;Eléctrica;Aluminio;3/11/2024;Rojo;Sierra;;18.0;
MaxPro SRL;203;087252351-9;Clavos Modelo 396;Herramientas Manuales;169.49;324.01;HardyWorks;Profesional;Manual;Goma;13/9/2024;Rojo;Clavos;;;
MaxPro SRL;204;420360169-X;Brocas Modelo 379;Fijaciones y Anclajes;315.15;437.42;Structo;Profesional;Eléctrica;Plástico;9/11/2024;Gris;Brocas;;;
MaxPro SRL;205;827913321-6;Cinta métrica Modelo 786;Fijaciones y Anclajes;113.91;214.62;TitanTools;Hogar;Eléctrica;Aluminio;5/4/2024;Gris;Cinta métrica;;;
MaxPro SRL;206;141168682-9;Sierra Modelo 622;Fijaciones y Anclajes;84.67;168.22;Structo;Hogar;Manual;Madera;17/1/2024;Gris;Sierra;;42.0;
Construmax;207;506973277-3;Clavos Modelo 340;Fijaciones y Anclajes;280.13;413.37;PowerFix;Hogar;Manual;Aluminio;11/8/2024;Naranja;Clavos;;;
Construmax;208;146611950-0;Tornillos Modelo 357;Herramientas Manuales;21.42;34.98;HardyWorks;Hogar;Manual;Madera;26/4/2024;Azul;Tornillos;;;
MaxPro SRL;209;010331096-7;Nivel Modelo 498;Accesorios de Construcción;181.08;275.32;Structo;Profesional;Manual;Acero;23/6/2024;Azul;Nivel;;;
Construmax;210;757998331-1;Llave inglesa Modelo 296;Accesorios de Construcción;449.65;795.97;Structo;Profesional;Eléctrica;Aluminio;17/5/2024;Amarillo;Llave inglesa;;6.0;
MaxPro SRL;211;035863496-2;Taladro Modelo 961;Fijaciones y Anclajes;196.76;379.12;Renova;Profesional;Manual;Plástico;5/4/2024;Negro;Taladro;;;
MaxPro SRL;212;779521854-7;Brocas Modelo 468;Fijaciones y Anclajes;151.86;293.48;TitanTools;Hogar;Medición;Acero;25/10/2024;Amarillo;Brocas;;36.0;
Construmax;213;525542426-9;Espátula Modelo 263;Accesorios de Construcción;237.32;448.04;BuildPro;Profesional;Eléctrica;Goma;11/7/2024;Amarillo;Espátula;;42.0;
Construmax;214;893908967-7;Llave inglesa Modelo 135;Herramientas Eléctricas;445.23;590.68;PowerFix;Profesional;Medición;Madera;15/8/2024;Azul;Llave inglesa;;;
Construmax;215;517918994-2;Casco de seguridad Modelo 964;Herramientas Eléctricas;365.95;575.67;FerroMax;Profesional;Neumática;Plástico;19/12/2024;Rojo;Casco de seguridad;;;
Construmax;216;693942575-6;Cinta métrica Modelo 373;Herramientas Eléctricas;271.83;338.38;Construtek;Hogar;Manual;Goma;8/3/2024;Rojo;Cinta métrica;;;
Construmax;217;303877799-4;Brocas Modelo 395;Herramientas Manuales;195.01;300.12;FixMaster;Hogar;Medición;Goma;27/10/2024;Rojo;Brocas;;;
Construmax;218;011441883-7;Llave inglesa Modelo 528;Herramientas Manuales;328.7;570.17;TitanTools;Hogar;Manual;Goma;5/1/2024;Gris;Llave inglesa;;;
MaxPro SRL;219;891038288-0;Brocas Modelo 949;Herramientas Eléctricas;78.92;139.42;HardyWorks;Hogar;Eléctrica;Plástico;24/1/2024;Gris;Brocas;;;
Construmax;220;293954879-X;Casco de seguridad Modelo 539;Accesorios de Construcción;254.68;492.53;HardyWorks;Profesional;Manual;Acero;27/3/2024;Rojo;Casco de seguridad;;;
MaxPro SRL;221;192941076-X;Llave inglesa Modelo 638;Herramientas Eléctricas;99.53;186.15;FixMaster;Hogar;Seguridad;Madera;19/7/2024;Naranja;Llave inglesa;;;
MaxPro SRL;222;873786338-X;Destornillador Modelo 880;Fijaciones y Anclajes;20.4;31.55;FixMaster;Profesional;Manual;Acero;13/6/2024;Gris;Destornillador;;10.0;
MaxPro SRL;223;643045678-1;Cinta métrica Modelo 243;Fijaciones y Anclajes;51.46;70.43;FerroMax;Hogar;Seguridad;Goma;31/1/2024;Verde;Cinta métrica;;35.0;
Construmax;224;421694389-6;Martillo Modelo 199;Equipos de Seguridad;284.44;367.71;Construtek;Profesional;Seguridad;Aluminio;27/1/2024;Verde;Martillo;;;
MaxPro SRL;225;073619468-1;Guantes Modelo 215;Fijaciones y Anclajes;134.24;192.55;FixMaster;Hogar;Seguridad;Plástico;8/9/2024;Gris;Guantes;;;
Construmax;226;834697427-2;Taladro Modelo 437;Fijaciones y Anclajes;370.0;468.76;MegaTool;Profesional;Medición;Plástico;17/2/2024;Negro;Taladro;;;
Construmax;227;454621536-3;Espátula Modelo 244;Accesorios de Construcción;266.81;394.93;TitanTools;Profesional;Manual;Aluminio;6/5/2024;Amarillo;Espátula;;;
MaxPro SRL;228;251347423-6;Tornillos Modelo 795;Accesorios de Construcción;303.36;386.87;Renova;Hogar;Eléctrica;Plástico;10/5/2024;Negro;Tornillos;;;
MaxPro SRL;229;221780082-5;Casco de seguridad Modelo 323;Herramientas Eléctricas;452.07;564.32;Construtek;Profesional;Manual;Goma;10/8/2024;Azul;Casco de seguridad;;;
Construmax;230;903227982-3;Taladro Modelo 561;Accesorios de Construcción;347.22;567.35;MegaTool;Hogar;Manual;Acero;11/6/2024;Negro;Taladro;;;
MaxPro SRL;231;018637083-0;Brocas Modelo 952;Accesorios de Construcción;445.28;719.65;Structo;Hogar;Seguridad;Acero;24/12/2024;Gris;Brocas;;1.0;
MaxPro SRL;232;119732759-2;Cinta métrica Modelo 130;Fijaciones y Anclajes;449.03;546.47;Construtek;Profesional;Eléctrica;Goma;23/1/2024;Naranja;Cinta métrica;;15.0;
MaxPro SRL;233;747972270-2;Tornillos Modelo 693;Equipos de Seguridad;234.33;425.95;BuildPro;Hogar;Eléctrica;Aluminio;3/3/2024;Verde;Tornillos;;6.0;
Construmax;234;738040988-3;Martillo Modelo 138;Herramientas Manuales;435.74;582.93;FerroMax;Profesional;Neumática;Goma;3/10/2024;Blanco;Martillo;;;
MaxPro SRL;235;252218719-8;Tornillos Modelo 145;Herramientas Manuales;125.39;192.07;Renova;Profesional;Medición;Plástico;1/5/2024;Naranja;Tornillos;;;
Construmax;236;508506783-5;Llave inglesa Modelo 408;Fijaciones y Anclajes;360.58;540.72;TitanTools;Hogar;Medición;Plástico;13/3/2024;Blanco;Llave inglesa;;31.0;
Construmax;237;066958807-5;Tornillos Modelo 962;Equipos de Seguridad;397.28;747.94;BuildPro;Hogar;Medición;Aluminio;6/2/2024;Naranja;Tornillos;;;
Construmax;238;493585085-X;Tornillos Modelo 784;Herramientas Eléctricas;443.57;701.96;FerroMax;Hogar;Seguridad;Acero;14/2/2024;Azul;Tornillos;;;
Construmax;239;128849286-3;Cinta métrica Modelo 761;Herramientas Manuales;409.63;615.23;BuildPro;Hogar;Manual;Plástico;18/8/2024;Azul;Cinta métrica;;;
Construmax;240;927933185-X;Espátula Modelo 139;Equipos de Seguridad;188.33;294.66;MegaTool;Hogar;Seguridad;Acero;26/6/2024;Negro;Espátula;;;
Construmax;241;617810821-4;Sierra Modelo 796;Herramientas Manuales;183.84;293.66;MegaTool;Hogar;Medición;Goma;6/5/2024;Amarillo;Sierra;;;
Construmax;242;978047537-0;Pinza Modelo 428;Fijaciones y Anclajes;192.52;363.46;Renova;Profesional;Medición;Madera;29/6/2024;Rojo;Pinza;;;
MaxPro SRL;243;430731306-2;Sierra Modelo 535;Herramientas Eléctricas;101.83;140.21;HardyWorks;Profesional;Neumática;Goma;11/2/2024;Verde;Sierra;;;
Construmax;244;060923148-0;Nivel Modelo 910;Equipos de Seguridad;478.22;578.95;Structo;Hogar;Neumática;Acero;6/10/2024;Blanco;Nivel;;;
MaxPro SRL;245;295532841-3;Brocas Modelo 179;Herramientas Eléctricas;242.6;359.71;MegaTool;Hogar;Medición;Plástico;19/3/2024;Blanco;Brocas;;;
Construmax;246;608854697-2;Cutter Modelo 279;Accesorios de Construcción;269.07;424.91;Construtek;Profesional;Eléctrica;Aluminio;10/3/2024;Naranja;Cutter;;21.0;
MaxPro SRL;247;923104552-0;Sierra Modelo 944;Herramientas Manuales;215.37;322.64;TitanTools;Hogar;Medición;Goma;6/10/2024;Rojo;Sierra;;;
Construmax;248;405532765-X;Pinza Modelo 638;Equipos de Seguridad;60.17;111.82;TitanTools;Hogar;Seguridad;Madera;20/5/2024;Naranja;Pinza;;;
Construmax;249;418724456-5;Pinza Modelo 928;Herramientas Eléctricas;268.25;456.38;MegaTool;Profesional;Seguridad;Plástico;5/5/2024;Amarillo;Pinza;;;
Construmax;250;572966901-1;Sierra Modelo 686;Fijaciones y Anclajes;396.99;520.44;HardyWorks;Hogar;Manual;Acero;3/1/2024;Gris;Sierra;;;
Construmax;251;327794334-8;Cutter Modelo 136;Equipos de Seguridad;258.43;386.11;FixMaster;Hogar;Manual;Acero;8/10/2024;Amarillo;Cutter;;;
Construmax;252;541686114-2;Taladro Modelo 746;Herramientas Manuales;242.45;378.36;FixMaster;Hogar;Neumática;Plástico;26/9/2024;Azul;Taladro;;;
Construmax;253;997971905-2;Martillo Modelo 761;Equipos de Seguridad;150.33;215.48;HardyWorks;Hogar;Seguridad;Goma;12/6/2024;Blanco;Martillo;;;
MaxPro SRL;254;538835080-0;Taladro Modelo 357;Herramientas Eléctricas;318.54;383.15;HardyWorks;Profesional;Manual;Aluminio;24/5/2024;Rojo;Taladro;;;
Construmax;255;620213185-3;Destornillador Modelo 865;Herramientas Eléctricas;295.91;395.95;Structo;Profesional;Eléctrica;Acero;22/12/2024;Gris;Destornillador;;24.0;
MaxPro SRL;256;119756408-X;Clavos Modelo 823;Herramientas Manuales;354.63;660.16;Renova;Hogar;Neumática;Madera;27/10/2024;Naranja;Clavos;;2.0;
Construmax;257;371248956-0;Cutter Modelo 115;Fijaciones y Anclajes;218.29;267.78;FerroMax;Hogar;Seguridad;Aluminio;23/12/2024;Negro;Cutter;;;
MaxPro SRL;258;585021356-2;Casco de seguridad Modelo 663;Equipos de Seguridad;42.23;82.79;Renova;Hogar;Neumática;Acero;30/5/2024;Naranja;Casco de seguridad;;;
Construmax;259;763363258-5;Destornillador Modelo 307;Herramientas Manuales;402.8;495.68;HardyWorks;Profesional;Eléctrica;Madera;17/1/2024;Gris;Destornillador;;;
Construmax;260;892480164-3;Clavos Modelo 902;Herramientas Eléctricas;94.58;120.75;Structo;Profesional;Neumática;Acero;30/11/2024;Rojo;Clavos;;;
MaxPro SRL;261;957738886-8;Destornillador Modelo 879;Herramientas Manuales;428.71;666.06;PowerFix;Profesional;Eléctrica;Madera;1/6/2024;Amarillo;Destornillador;;;
MaxPro SRL;262;007590009-2;Brocas Modelo 566;Fijaciones y Anclajes;68.16;118.56;Construtek;Profesional;Manual;Plástico;10/10/2024;Azul;Brocas;;;
Construmax;263;093818908-5;Guantes Modelo 843;Herramientas Eléctricas;423.41;793.89;BuildPro;Profesional;Medición;Aluminio;13/10/2024;Rojo;Guantes;;;
Construmax;264;667621962-X;Cinta métrica Modelo 892;Fijaciones y Anclajes;385.81;656.16;Construtek;Profesional;Medición;Aluminio;30/3/2024;Amarillo;Cinta métrica;;42.0;
Construmax;265;171387664-7;Cinta métrica Modelo 833;Herramientas Eléctricas;256.79;369.28;FerroMax;Profesional;Seguridad;Plástico;27/9/2024;Naranja;Cinta métrica;;;
MaxPro SRL;266;426832686-3;Espátula Modelo 427;Herramientas Manuales;383.36;665.54;FerroMax;Profesional;Neumática;Goma;26/9/2024;Negro;Espátula;;;
MaxPro SRL;267;931905770-2;Guantes Modelo 314;Equipos de Seguridad;329.73;603.88;HardyWorks;Profesional;Medición;Plástico;9/1/2024;Azul;Guantes;;;
Construmax;268;534295926-8;Guantes Modelo 155;Herramientas Eléctricas;117.46;233.82;Construtek;Hogar;Seguridad;Acero;16/3/2024;Verde;Guantes;;;
Construmax;269;568292740-0;Casco de seguridad Modelo 508;Herramientas Manuales;249.19;404.91;FerroMax;Hogar;Manual;Plástico;16/4/2024;Verde;Casco de seguridad;;43.0;
MaxPro SRL;270;002229060-5;Clavos Modelo 335;Herramientas Eléctricas;127.86;185.59;MegaTool;Profesional;Seguridad;Plástico;16/5/2024;Rojo;Clavos;;;
MaxPro SRL;271;799527410-6;Nivel Modelo 893;Herramientas Eléctricas;134.13;237.75;BuildPro;Hogar;Neumática;Plástico;29/3/2024;Gris;Nivel;;;
MaxPro SRL;272;580532482-2;Tornillos Modelo 297;Accesorios de Construcción;124.59;184.95;FerroMax;Hogar;Manual;Plástico;24/7/2024;Rojo;Tornillos;;;
MaxPro SRL;273;517642194-1;Destornillador Modelo 196;Equipos de Seguridad;17.22;32.85;TitanTools;Profesional;Seguridad;Madera;27/1/2024;Blanco;Destornillador;;;
MaxPro SRL;274;798902029-7;Brocas Modelo 698;Herramientas Eléctricas;402.5;663.75;BuildPro;Hogar;Manual;Acero;1/4/2024;Amarillo;Brocas;;;
Construmax;275;841448181-7;Tornillos Modelo 388;Herramientas Eléctricas;246.67;460.87;MegaTool;Profesional;Seguridad;Goma;14/8/2024;Rojo;Tornillos;;21.0;
Construmax;276;745013689-9;Brocas Modelo 990;Equipos de Seguridad;432.1;707.69;TitanTools;Profesional;Manual;Goma;1/11/2024;Blanco;Brocas;;;
Construmax;277;927224564-8;Destornillador Modelo 188;Equipos de Seguridad;482.06;866.56;PowerFix;Profesional;Manual;Madera;7/2/2024;Amarillo;Destornillador;;;
Construmax;278;649126192-1;Cutter Modelo 223;Herramientas Eléctricas;369.96;520.33;PowerFix;Hogar;Medición;Plástico;27/8/2024;Negro;Cutter;;;
Construmax;279;304987651-4;Guantes Modelo 382;Accesorios de Construcción;27.98;46.75;Structo;Profesional;Eléctrica;Acero;24/11/2024;Verde;Guantes;;;
MaxPro SRL;280;626407121-8;Cinta métrica Modelo 492;Herramientas Eléctricas;128.0;195.59;Structo;Hogar;Eléctrica;Goma;17/12/2024;Naranja;Cinta métrica;;;
Construmax;281;490848508-9;Nivel Modelo 745;Fijaciones y Anclajes;258.49;499.56;Renova;Profesional;Eléctrica;Acero;5/6/2024;Negro;Nivel;;;
Construmax;282;669312070-9;Brocas Modelo 253;Fijaciones y Anclajes;267.97;478.56;BuildPro;Hogar;Medición;Goma;13/8/2024;Naranja;Brocas;;;
Construmax;283;257416095-9;Guantes Modelo 431;Accesorios de Construcción;458.73;712.68;PowerFix;Hogar;Medición;Aluminio;27/9/2024;Negro;Guantes;;43.0;
Construmax;284;755920237-3;Clavos Modelo 750;Herramientas Manuales;240.31;466.82;PowerFix;Profesional;Medición;Madera;10/10/2024;Naranja;Clavos;;;
Construmax;285;839582008-9;Destornillador Modelo 299;Accesorios de Construcción;276.63;551.96;MegaTool;Profesional;Eléctrica;Madera;7/6/2024;Gris;Destornillador;;22.0;
Construmax;286;557105704-1;Sierra Modelo 701;Accesorios de Construcción;167.61;322.39;Renova;Hogar;Medición;Goma;15/10/2024;Negro;Sierra;;;
MaxPro SRL;287;928248090-9;Brocas Modelo 688;Fijaciones y Anclajes;420.36;827.28;FixMaster;Profesional;Seguridad;Goma;19/5/2024;Azul;Brocas;;;
Construmax;288;312849120-8;Cinta métrica Modelo 105;Herramientas Manuales;152.29;277.06;FerroMax;Hogar;Manual;Plástico;22/1/2024;Rojo;Cinta métrica;;8.0;
MaxPro SRL;289;495267393-6;Taladro Modelo 636;Equipos de Seguridad;355.14;551.45;Construtek;Profesional;Seguridad;Goma;12/11/2024;Rojo;Taladro;;;
MaxPro SRL;290;127604098-9;Pinza Modelo 989;Equipos de Seguridad;161.94;319.21;TitanTools;Hogar;Neumática;Aluminio;6/3/2024;Negro;Pinza;;;
MaxPro SRL;291;311063879-7;Brocas Modelo 513;Herramientas Manuales;390.1;586.75;Construtek;Profesional;Medición;Plástico;5/5/2024;Amarillo;Brocas;;10.0;
Construmax;292;871277353-0;Destornillador Modelo 884;Herramientas Manuales;96.2;123.22;TitanTools;Profesional;Medición;Acero;18/7/2024;Rojo;Destornillador;;19.0;
Construmax;293;808610343-9;Sierra Modelo 430;Equipos de Seguridad;433.22;561.03;HardyWorks;Profesional;Medición;Aluminio;14/2/2024;Negro;Sierra;;50.0;
Construmax;294;429740868-6;Tornillos Modelo 505;Herramientas Manuales;448.06;761.93;HardyWorks;Hogar;Neumática;Aluminio;3/9/2024;Blanco;Tornillos;;;
MaxPro SRL;295;196465960-4;Llave inglesa Modelo 878;Equipos de Seguridad;371.79;507.72;Structo;Profesional;Medición;Madera;19/8/2024;Gris;Llave inglesa;;;
MaxPro SRL;296;936691506-X;Cinta métrica Modelo 478;Accesorios de Construcción;270.71;394.73;HardyWorks;Hogar;Eléctrica;Madera;4/11/2024;Negro;Cinta métrica;;33.0;
Construmax;297;973357752-9;Nivel Modelo 789;Herramientas Manuales;48.57;88.25;MegaTool;Hogar;Seguridad;Madera;16/3/2024;Naranja;Nivel;;;
MaxPro SRL;298;997992076-9;Cinta métrica Modelo 266;Fijaciones y Anclajes;138.55;223.69;PowerFix;Profesional;Neumática;Acero;31/8/2024;Naranja;Cinta métrica;;;
Construmax;299;699949978-0;Clavos Modelo 893;Herramientas Eléctricas;90.88;139.53;TitanTools;Profesional;Manual;Plástico;18/2/2024;Blanco;Clavos;;;
MaxPro SRL;300;808934439-9;Nivel Modelo 476;Herramientas Eléctricas;175.76;215.23;Construtek;Profesional;Eléctrica;Goma;17/4/2024;Azul;Nivel;;;
Construmax;301;945158571-0;Espátula Modelo 535;Equipos de Seguridad;193.14;253.17;Construtek;Hogar;Neumática;Aluminio;13/7/2024;Verde;Espátula;;;
Construmax;302;409045606-1;Casco de seguridad Modelo 525;Herramientas Manuales;254.3;488.81;FerroMax;Profesional;Manual;Acero;20/10/2024;Blanco;Casco de seguridad;;38.0;
Construmax;303;399991862-4;Tornillos Modelo 603;Herramientas Eléctricas;72.58;98.71;FixMaster;Profesional;Manual;Aluminio;3/1/2024;Azul;Tornillos;;;
MaxPro SRL;304;204202973-4;Destornillador Modelo 546;Herramientas Eléctricas;188.43;369.58;BuildPro;Profesional;Neumática;Acero;20/9/2024;Gris;Destornillador;;;
Construmax;305;920504355-9;Casco de seguridad Modelo 366;Equipos de Seguridad;362.94;470.2;BuildPro;Profesional;Manual;Plástico;5/4/2024;Negro;Casco de seguridad;;43.0;
MaxPro SRL;306;867955890-7;Nivel Modelo 244;Herramientas Manuales;137.65;206.63;Construtek;Hogar;Eléctrica;Madera;1/5/2024;Gris;Nivel;;;
Construmax;307;848464650-5;Llave inglesa Modelo 439;Fijaciones y Anclajes;79.41;155.65;FerroMax;Profesional;Neumática;Aluminio;1/9/2024;Amarillo;Llave inglesa;;;
MaxPro SRL;308;844518930-1;Destornillador Modelo 990;Herramientas Manuales;220.06;384.1;Construtek;Hogar;Medición;Aluminio;22/6/2024;Azul;Destornillador;;37.0;
MaxPro SRL;309;849351561-2;Casco de seguridad Modelo 332;Equipos de Seguridad;138.6;239.57;Construtek;Hogar;Seguridad;Madera;8/3/2024;Negro;Casco de seguridad;;;
MaxPro SRL;310;108101142-4;Cutter Modelo 158;Herramientas Manuales;241.73;443.83;HardyWorks;Hogar;Neumática;Madera;1/4/2024;Naranja;Cutter;;;
MaxPro SRL;311;614259592-1;Llave inglesa Modelo 620;Equipos de Seguridad;197.81;313.94;FixMaster;Profesional;Neumática;Madera;23/9/2024;Blanco;Llave inglesa;;;
MaxPro SRL;312;558961829-0;Martillo Modelo 443;Herramientas Manuales;18.05;23.09;Construtek;Hogar;Medición;Plástico;11/4/2024;Naranja;Martillo;;;
Construmax;313;079467763-0;Nivel Modelo 846;Accesorios de Construcción;340.73;622.75;Construtek;Profesional;Neumática;Plástico;2/4/2024;Amarillo;Nivel;;;
Construmax;314;030235506-5;Pinza Modelo 263;Fijaciones y Anclajes;225.88;352.52;BuildPro;Profesional;Manual;Goma;26/10/2024;Negro;Pinza;;;
MaxPro SRL;315;883236553-7;Cinta métrica Modelo 543;Accesorios de Construcción;244.44;327.35;Structo;Profesional;Medición;Aluminio;2/8/2024;Gris;Cinta métrica;;17.0;
MaxPro SRL;316;313871066-2;Brocas Modelo 332;Herramientas Eléctricas;360.07;594.86;FixMaster;Profesional;Medición;Madera;5/9/2024;Verde;Brocas;;42.0;
MaxPro SRL;317;864116397-2;Cinta métrica Modelo 290;Accesorios de Construcción;470.79;630.02;Construtek;Profesional;Seguridad;Madera;17/1/2024;Amarillo;Cinta métrica;;;
MaxPro SRL;318;428225710-5;Martillo Modelo 118;Herramientas Eléctricas;21.17;30.59;Renova;Profesional;Neumática;Aluminio;10/6/2024;Naranja;Martillo;;;
Construmax;319;310459739-1;Nivel Modelo 310;Fijaciones y Anclajes;319.65;537.33;Construtek;Profesional;Medición;Aluminio;15/4/2024;Gris;Nivel;;;
Construmax;320;984614402-4;Destornillador Modelo 566;Herramientas Manuales;375.25;723.05;BuildPro;Hogar;Neumática;Madera;10/9/2024;Naranja;Destornillador;;;
Construmax;321;634418957-6;Espátula Modelo 874;Fijaciones y Anclajes;392.24;706.6;TitanTools;Hogar;Manual;Plástico;20/1/2024;Gris;Espátula;;30.0;
MaxPro SRL;322;187861980-2;Cinta métrica Modelo 605;Accesorios de Construcción;291.28;434.59;FerroMax;Profesional;Seguridad;Aluminio;15/5/2024;Rojo;Cinta métrica;;;
Construmax;323;068141498-7;Destornillador Modelo 199;Equipos de Seguridad;189.19;329.31;TitanTools;Profesional;Seguridad;Aluminio;28/6/2024;Rojo;Destornillador;;31.0;
MaxPro SRL;324;159930807-X;Clavos Modelo 628;Herramientas Manuales;351.86;693.22;BuildPro;Hogar;Medición;Aluminio;6/5/2024;Blanco;Clavos;;;
MaxPro SRL;325;221771737-5;Martillo Modelo 434;Fijaciones y Anclajes;24.26;29.78;PowerFix;Hogar;Seguridad;Aluminio;4/11/2024;Gris;Martillo;;;
Construmax;326;364304192-6;Clavos Modelo 157;Fijaciones y Anclajes;140.5;189.22;Construtek;Profesional;Eléctrica;Goma;15/1/2024;Rojo;Clavos;;;
Construmax;327;056035513-0;Brocas Modelo 211;Accesorios de Construcción;17.9;27.41;TitanTools;Hogar;Manual;Plástico;8/5/2024;Amarillo;Brocas;;;
Construmax;328;028864798-X;Martillo Modelo 663;Herramientas Eléctricas;169.12;262.1;Structo;Profesional;Eléctrica;Plástico;26/5/2024;Amarillo;Martillo;;;
Construmax;329;906721468-X;Cinta métrica Modelo 239;Herramientas Eléctricas;480.31;929.11;FixMaster;Profesional;Manual;Aluminio;22/11/2024;Negro;Cinta métrica;;;
MaxPro SRL;330;305522728-X;Espátula Modelo 205;Fijaciones y Anclajes;224.74;438.48;FerroMax;Hogar;Eléctrica;Plástico;22/10/2024;Rojo;Espátula;;;
MaxPro SRL;331;635841157-8;Guantes Modelo 470;Accesorios de Construcción;210.93;416.01;FerroMax;Hogar;Medición;Plástico;30/9/2024;Naranja;Guantes;;;
MaxPro SRL;332;310105956-9;Sierra Modelo 293;Accesorios de Construcción;187.7;359.04;Renova;Profesional;Neumática;Madera;9/7/2024;Amarillo;Sierra;;;
Construmax;333;838992654-7;Casco de seguridad Modelo 644;Equipos de Seguridad;274.45;446.23;Structo;Profesional;Medición;Plástico;7/10/2024;Gris;Casco de seguridad;;;
MaxPro SRL;334;636814638-9;Clavos Modelo 502;Equipos de Seguridad;494.65;791.37;Structo;Profesional;Neumática;Madera;4/7/2024;Verde;Clavos;;;
MaxPro SRL;335;421028018-6;Guantes Modelo 517;Herramientas Manuales;466.14;850.05;FixMaster;Profesional;Eléctrica;Plástico;9/5/2024;Naranja;Guantes;;;
Construmax;336;912050635-X;Pinza Modelo 371;Fijaciones y Anclajes;64.92;113.52;PowerFix;Profesional;Medición;Aluminio;3/5/2024;Negro;Pinza;;;
Construmax;337;710537028-9;Espátula Modelo 200;Herramientas Manuales;190.91;286.6;Renova;Profesional;Seguridad;Plástico;29/10/2024;Verde;Espátula;;;
MaxPro SRL;338;787928565-2;Llave inglesa Modelo 316;Fijaciones y Anclajes;130.47;204.81;TitanTools;Hogar;Manual;Goma;12/2/2024;Verde;Llave inglesa;;5.0;
MaxPro SRL;339;599985091-6;Martillo Modelo 485;Equipos de Seguridad;499.37;604.58;Renova;Profesional;Manual;Madera;28/3/2024;Naranja;Martillo;;21.0;
MaxPro SRL;340;784968847-3;Cutter Modelo 708;Accesorios de Construcción;43.85;73.68;FixMaster;Profesional;Medición;Plástico;2/1/2024;Naranja;Cutter;;;
MaxPro SRL;341;756579727-8;Llave inglesa Modelo 584;Fijaciones y Anclajes;139.7;169.9;MegaTool;Profesional;Manual;Acero;7/1/2024;Negro;Llave inglesa;;;
MaxPro SRL;342;944963216-2;Brocas Modelo 858;Herramientas Manuales;41.33;56.84;TitanTools;Hogar;Medición;Goma;20/1/2024;Naranja;Brocas;;;
Construmax;343;396286754-6;Cinta métrica Modelo 917;Equipos de Seguridad;177.05;314.05;PowerFix;Hogar;Neumática;Goma;24/4/2024;Gris;Cinta métrica;;;
MaxPro SRL;344;313406585-1;Martillo Modelo 409;Equipos de Seguridad;362.2;540.67;TitanTools;Profesional;Medición;Aluminio;16/9/2024;Naranja;Martillo;;48.0;
MaxPro SRL;345;540485955-5;Taladro Modelo 929;Herramientas Manuales;411.85;756.84;HardyWorks;Hogar;Seguridad;Aluminio;18/7/2024;Gris;Taladro;;;
Construmax;346;614290483-5;Taladro Modelo 171;Herramientas Manuales;445.61;577.02;MegaTool;Hogar;Eléctrica;Plástico;10/7/2024;Blanco;Taladro;;;
Construmax;347;371978175-5;Llave inglesa Modelo 400;Fijaciones y Anclajes;98.51;188.63;Structo;Hogar;Medición;Acero;11/6/2024;Naranja;Llave inglesa;;;
Construmax;348;618592372-6;Martillo Modelo 754;Accesorios de Construcción;28.74;48.0;Structo;Hogar;Seguridad;Plástico;22/7/2024;Naranja;Martillo;;22.0;
Construmax;349;615151557-9;Sierra Modelo 833;Accesorios de Construcción;145.11;184.09;PowerFix;Hogar;Eléctrica;Plástico;29/11/2024;Gris;Sierra;;38.0;
Construmax;350;401193607-3;Pinza Modelo 674;Herramientas Manuales;14.06;20.02;PowerFix;Hogar;Manual;Plástico;31/8/2024;Blanco;Pinza;;;
Construmax;351;146553988-3;Cinta métrica Modelo 853;Equipos de Seguridad;192.01;320.91;FerroMax;Profesional;Seguridad;Goma;21/5/2024;Negro;Cinta métrica;;;
MaxPro SRL;352;706108178-3;Pinza Modelo 776;Fijaciones y Anclajes;250.4;483.52;FerroMax;Hogar;Eléctrica;Acero;31/7/2024;Verde;Pinza;;;
MaxPro SRL;353;344210535-8;Martillo Modelo 576;Accesorios de Construcción;416.37;566.85;Renova;Hogar;Manual;Madera;20/11/2024;Verde;Martillo;;;
Construmax;354;103720784-X;Cutter Modelo 427;Fijaciones y Anclajes;468.8;709.43;Construtek;Hogar;Neumática;Aluminio;7/11/2024;Blanco;Cutter;;;
Construmax;355;262329649-9;Sierra Modelo 141;Accesorios de Construcción;247.07;439.21;Renova;Profesional;Eléctrica;Aluminio;24/11/2024;Naranja;Sierra;;;
Construmax;356;094624856-7;Pinza Modelo 454;Fijaciones y Anclajes;367.45;597.93;Structo;Profesional;Manual;Plástico;30/3/2024;Naranja;Pinza;;;
Construmax;357;352088879-3;Brocas Modelo 738;Accesorios de Construcción;452.81;874.84;BuildPro;Hogar;Medición;Aluminio;15/6/2024;Verde;Brocas;;;
MaxPro SRL;358;188454017-1;Destornillador Modelo 733;Fijaciones y Anclajes;277.85;469.06;Structo;Hogar;Neumática;Madera;20/12/2024;Negro;Destornillador;;;
Construmax;359;053777314-2;Sierra Modelo 849;Fijaciones y Anclajes;348.86;696.11;BuildPro;Profesional;Manual;Goma;2/12/2024;Blanco;Sierra;;;
Construmax;360;968345569-7;Espátula Modelo 881;Herramientas Manuales;345.08;594.05;Construtek;Hogar;Seguridad;Madera;31/8/2024;Rojo;Espátula;;;
MaxPro SRL;361;155402674-1;Cutter Modelo 273;Herramientas Eléctricas;57.93;92.89;PowerFix;Hogar;Eléctrica;Madera;24/1/2024;Naranja;Cutter;;;
MaxPro SRL;362;178551056-8;Cutter Modelo 554;Fijaciones y Anclajes;47.05;66.16;FerroMax;Profesional;Manual;Aluminio;12/9/2024;Negro;Cutter;;;
MaxPro SRL;363;089462165-3;Sierra Modelo 491;Fijaciones y Anclajes;35.59;68.86;Construtek;Profesional;Eléctrica;Plástico;29/12/2024;Azul;Sierra;;;
MaxPro SRL;364;407642443-3;Cutter Modelo 977;Fijaciones y Anclajes;10.94;20.39;FixMaster;Hogar;Medición;Madera;14/11/2024;Verde;Cutter;;7.0;
Construmax;365;980277196-1;Cinta métrica Modelo 419;Fijaciones y Anclajes;233.07;400.29;FerroMax;Profesional;Neumática;Plástico;9/1/2024;Verde;Cinta métrica;;14.0;
Construmax;366;871024805-6;Cutter Modelo 988;Fijaciones y Anclajes;314.07;521.71;TitanTools;Hogar;Neumática;Acero;12/12/2024;Azul;Cutter;;;
MaxPro SRL;367;840097286-4;Nivel Modelo 777;Accesorios de Construcción;468.45;685.04;FerroMax;Hogar;Medición;Aluminio;24/2/2024;Azul;Nivel;;;
Construmax;368;439341479-9;Cutter Modelo 554;Accesorios de Construcción;456.02;805.1;Structo;Hogar;Seguridad;Acero;28/7/2024;Blanco;Cutter;;;
Construmax;369;087752008-9;Pinza Modelo 848;Herramientas Manuales;206.88;299.7;Renova;Profesional;Manual;Aluminio;15/5/2024;Gris;Pinza;;;
MaxPro SRL;370;186002997-3;Taladro Modelo 165;Herramientas Manuales;75.93;124.83;MegaTool;Profesional;Eléctrica;Plástico;12/2/2024;Amarillo;Taladro;;;
Construmax;371;216395356-4;Destornillador Modelo 163;Herramientas Manuales;196.66;382.63;Structo;Profesional;Manual;Madera;23/1/2024;Blanco;Destornillador;;;
Construmax;372;716154493-9;Taladro Modelo 894;Herramientas Manuales;284.52;443.45;TitanTools;Hogar;Manual;Madera;12/11/2024;Gris;Taladro;;15.0;
Construmax;373;005682286-3;Martillo Modelo 912;Equipos de Seguridad;65.35;110.07;TitanTools;Profesional;Manual;Madera;24/3/2024;Naranja;Martillo;;48.0;
Construmax;374;246897110-8;Destornillador Modelo 569;Accesorios de Construcción;355.83;476.8;FixMaster;Profesional;Seguridad;Plástico;22/11/2024;Negro;Destornillador;;;
Construmax;375;159198263-4;Casco de seguridad Modelo 583;Accesorios de Construcción;380.09;529.15;Structo;Profesional;Manual;Acero;1/7/2024;Verde;Casco de seguridad;;;
Construmax;376;969061102-X;Pinza Modelo 323;Equipos de Seguridad;335.39;429.97;Construtek;Hogar;Neumática;Plástico;12/7/2024;Azul;Pinza;;;
Construmax;377;562854425-6;Cinta métrica Modelo 888;Accesorios de Construcción;289.41;481.98;BuildPro;Hogar;Seguridad;Acero;11/12/2024;Amarillo;Cinta métrica;;38.0;
MaxPro SRL;378;111086636-4;Brocas Modelo 934;Herramientas Manuales;77.32;111.86;HardyWorks;Hogar;Medición;Aluminio;17/2/2024;Negro;Brocas;;;
Construmax;379;473452277-4;Sierra Modelo 198;Herramientas Manuales;174.01;260.05;Construtek;Hogar;Neumática;Aluminio;4/3/2024;Naranja;Sierra;;;
MaxPro SRL;380;829891473-2;Martillo Modelo 202;Herramientas Eléctricas;472.92;697.06;Structo;Profesional;Medición;Plástico;27/6/2024;Gris;Martillo;;;
Construmax;381;392456028-5;Casco de seguridad Modelo 152;Accesorios de Construcción;462.53;874.2;Renova;Profesional;Eléctrica;Goma;25/8/2024;Naranja;Casco de seguridad;;16.0;
Construmax;382;269508221-5;Casco de seguridad Modelo 767;Fijaciones y Anclajes;239.25;308.21;FixMaster;Profesional;Seguridad;Goma;13/7/2024;Blanco;Casco de seguridad;;;
MaxPro SRL;383;749962672-5;Martillo Modelo 912;Equipos de Seguridad;168.67;307.0;FixMaster;Hogar;Neumática;Madera;19/4/2024;Naranja;Martillo;;;
MaxPro SRL;384;336177063-7;Espátula Modelo 156;Accesorios de Construcción;422.25;596.01;TitanTools;Profesional;Medición;Acero;30/3/2024;Blanco;Espátula;;;
MaxPro SRL;385;081005890-1;Casco de seguridad Modelo 742;Fijaciones y Anclajes;115.7;187.71;Construtek;Profesional;Manual;Aluminio;30/10/2024;Rojo;Casco de seguridad;;;
Construmax;386;911683445-3;Clavos Modelo 831;Fijaciones y Anclajes;395.88;570.28;BuildPro;Hogar;Seguridad;Aluminio;21/4/2024;Amarillo;Clavos;;;
MaxPro SRL;387;693379426-1;Nivel Modelo 653;Herramientas Manuales;42.43;62.73;FerroMax;Profesional;Manual;Aluminio;15/12/2024;Naranja;Nivel;;31.0;
Construmax;388;553152730-6;Martillo Modelo 122;Herramientas Manuales;336.96;636.2;PowerFix;Profesional;Neumática;Goma;17/9/2024;Rojo;Martillo;;;
Construmax;389;943869361-0;Casco de seguridad Modelo 726;Fijaciones y Anclajes;176.01;349.67;TitanTools;Hogar;Manual;Aluminio;19/9/2024;Naranja;Casco de seguridad;;;
MaxPro SRL;390;100203072-2;Clavos Modelo 420;Accesorios de Construcción;280.87;375.58;BuildPro;Profesional;Seguridad;Acero;3/1/2024;Naranja;Clavos;;;
Construmax;391;266503966-4;Guantes Modelo 354;Herramientas Eléctricas;434.74;747.68;HardyWorks;Profesional;Neumática;Madera;1/4/2024;Gris;Guantes;;32.0;
Construmax;392;959698382-2;Sierra Modelo 733;Equipos de Seguridad;11.01;13.7;HardyWorks;Profesional;Medición;Acero;26/3/2024;Blanco;Sierra;;;
MaxPro SRL;393;831732177-0;Espátula Modelo 176;Equipos de Seguridad;382.62;749.79;FerroMax;Profesional;Seguridad;Madera;29/3/2024;Azul;Espátula;;;
Construmax;394;834048864-3;Nivel Modelo 865;Fijaciones y Anclajes;280.24;446.26;FerroMax;Profesional;Medición;Aluminio;18/9/2024;Amarillo;Nivel;;;
Construmax;395;188272125-X;Llave inglesa Modelo 692;Fijaciones y Anclajes;37.82;62.36;PowerFix;Hogar;Eléctrica;Aluminio;14/3/2024;Verde;Llave inglesa;;;
MaxPro SRL;396;511192168-0;Pinza Modelo 810;Fijaciones y Anclajes;16.68;21.8;Construtek;Hogar;Seguridad;Plástico;10/12/2024;Blanco;Pinza;;;
Construmax;397;977197209-X;Nivel Modelo 834;Herramientas Manuales;419.5;614.92;PowerFix;Hogar;Seguridad;Goma;27/8/2024;Verde;Nivel;;;
MaxPro SRL;398;806097784-9;Nivel Modelo 933;Accesorios de Construcción;55.0;85.79;MegaTool;Profesional;Neumática;Aluminio;21/2/2024;Rojo;Nivel;;;
MaxPro SRL;399;994489603-9;Guantes Modelo 461;Herramientas Manuales;289.94;386.99;HardyWorks;Profesional;Seguridad;Madera;2/10/2024;Gris;Guantes;;;
MaxPro SRL;400;371411608-7;Tornillos Modelo 432;Accesorios de Construcción;66.64;122.37;HardyWorks;Profesional;Eléctrica;Goma;8/3/2024;Gris;Tornillos;;;
Construmax;401;076528149-X;Martillo Modelo 697;Equipos de Seguridad;158.65;229.91;Construtek;Profesional;Seguridad;Goma;21/12/2024;Rojo;Martillo;;;
Construmax;402;809980929-7;Llave inglesa Modelo 650;Accesorios de Construcción;86.93;169.61;Construtek;Profesional;Medición;Acero;29/4/2024;Gris;Llave inglesa;;;
MaxPro SRL;403;545691518-9;Guantes Modelo 541;Herramientas Eléctricas;372.7;551.32;FerroMax;Profesional;Neumática;Goma;15/6/2024;Blanco;Guantes;;;
Construmax;404;759471995-6;Sierra Modelo 438;Accesorios de Construcción;453.81;600.75;MegaTool;Hogar;Neumática;Aluminio;10/5/2024;Azul;Sierra;;;
MaxPro SRL;405;603343743-8;Espátula Modelo 176;Herramientas Manuales;413.95;679.97;TitanTools;Hogar;Seguridad;Goma;28/11/2024;Verde;Espátula;;;
Construmax;406;872516137-7;Cinta métrica Modelo 527;Fijaciones y Anclajes;363.61;534.35;BuildPro;Hogar;Eléctrica;Aluminio;9/6/2024;Blanco;Cinta métrica;;;
Construmax;407;541047972-6;Casco de seguridad Modelo 934;Herramientas Manuales;394.52;690.48;Structo;Profesional;Manual;Acero;1/7/2024;Azul;Casco de seguridad;;31.0;
Construmax;408;992934250-8;Taladro Modelo 360;Equipos de Seguridad;233.43;327.98;Construtek;Hogar;Medición;Goma;1/6/2024;Naranja;Taladro;;15.0;
Construmax;409;832695218-4;Guantes Modelo 237;Herramientas Eléctricas;444.87;858.75;Renova;Profesional;Eléctrica;Acero;16/7/2024;Verde;Guantes;;;
MaxPro SRL;410;212748711-7;Sierra Modelo 701;Equipos de Seguridad;401.32;617.37;HardyWorks;Hogar;Eléctrica;Plástico;30/8/2024;Verde;Sierra;;;
MaxPro SRL;411;391704087-5;Brocas Modelo 710;Herramientas Eléctricas;342.99;549.06;FixMaster;Hogar;Seguridad;Goma;27/9/2024;Rojo;Brocas;;;
Construmax;412;078190483-8;Tornillos Modelo 286;Fijaciones y Anclajes;354.61;605.13;Structo;Profesional;Eléctrica;Goma;23/11/2024;Rojo;Tornillos;;;
MaxPro SRL;413;776978463-8;Taladro Modelo 181;Fijaciones y Anclajes;455.6;866.49;MegaTool;Hogar;Medición;Madera;18/10/2024;Azul;Taladro;;19.0;
Construmax;414;481982691-3;Cinta métrica Modelo 896;Equipos de Seguridad;20.07;26.68;HardyWorks;Profesional;Seguridad;Aluminio;15/9/2024;Amarillo;Cinta métrica;;;
MaxPro SRL;415;133582470-7;Guantes Modelo 560;Herramientas Eléctricas;67.23;130.31;Structo;Hogar;Eléctrica;Goma;4/2/2024;Verde;Guantes;;;
MaxPro SRL;416;748948087-6;Pinza Modelo 977;Accesorios de Construcción;474.99;623.12;BuildPro;Profesional;Manual;Plástico;8/2/2024;Amarillo;Pinza;;;
MaxPro SRL;417;288342473-X;Taladro Modelo 645;Accesorios de Construcción;379.61;510.05;HardyWorks;Hogar;Manual;Goma;18/8/2024;Blanco;Taladro;;;
Construmax;418;072256749-9;Tornillos Modelo 757;Fijaciones y Anclajes;346.21;666.62;PowerFix;Profesional;Neumática;Plástico;17/2/2024;Negro;Tornillos;;;
Construmax;419;703313362-6;Nivel Modelo 737;Herramientas Manuales;265.69;477.29;FerroMax;Profesional;Medición;Plástico;7/6/2024;Verde;Nivel;;40.0;
Construmax;420;737691462-5;Brocas Modelo 923;Accesorios de Construcción;21.55;42.65;PowerFix;Hogar;Neumática;Aluminio;24/6/2024;Verde;Brocas;;;
MaxPro SRL;421;184291199-6;Casco de seguridad Modelo 308;Equipos de Seguridad;108.09;171.53;HardyWorks;Hogar;Medición;Aluminio;18/3/2024;Blanco;Casco de seguridad;;;
Construmax;422;333034706-6;Tornillos Modelo 185;Fijaciones y Anclajes;286.22;500.97;TitanTools;Hogar;Manual;Acero;18/3/2024;Blanco;Tornillos;;;
MaxPro SRL;423;065227923-6;Clavos Modelo 694;Equipos de Seguridad;192.03;244.59;FixMaster;Profesional;Manual;Aluminio;26/1/2024;Naranja;Clavos;;;
MaxPro SRL;424;937280875-X;Pinza Modelo 208;Fijaciones y Anclajes;426.54;655.44;Renova;Profesional;Medición;Plástico;30/4/2024;Blanco;Pinza;;;
Construmax;425;354395374-5;Nivel Modelo 839;Herramientas Manuales;413.19;766.57;BuildPro;Hogar;Eléctrica;Plástico;3/4/2024;Verde;Nivel;;;
MaxPro SRL;426;628500780-2;Pinza Modelo 931;Fijaciones y Anclajes;446.0;858.93;PowerFix;Profesional;Seguridad;Madera;2/8/2024;Amarillo;Pinza;;;
MaxPro SRL;427;075921253-8;Tornillos Modelo 615;Fijaciones y Anclajes;238.52;289.18;Structo;Profesional;Seguridad;Goma;29/4/2024;Gris;Tornillos;;;
Construmax;428;742228888-4;Sierra Modelo 158;Equipos de Seguridad;115.01;199.33;BuildPro;Profesional;Eléctrica;Goma;7/3/2024;Blanco;Sierra;;;
Construmax;429;964990786-6;Martillo Modelo 351;Herramientas Manuales;308.8;557.16;BuildPro;Profesional;Neumática;Aluminio;7/4/2024;Rojo;Martillo;;41.0;
MaxPro SRL;430;316132813-2;Destornillador Modelo 579;Accesorios de Construcción;106.93;154.89;FerroMax;Profesional;Medición;Aluminio;11/1/2024;Blanco;Destornillador;;4.0;
MaxPro SRL;431;038016106-0;Cinta métrica Modelo 478;Fijaciones y Anclajes;464.6;883.82;MegaTool;Profesional;Medición;Acero;20/1/2024;Amarillo;Cinta métrica;;;
Construmax;432;664354102-6;Brocas Modelo 371;Equipos de Seguridad;393.05;656.74;PowerFix;Profesional;Medición;Goma;31/10/2024;Azul;Brocas;;;
Construmax;433;995313072-8;Pinza Modelo 861;Herramientas Manuales;17.68;31.21;BuildPro;Hogar;Seguridad;Madera;5/12/2024;Rojo;Pinza;;;
Construmax;434;945387279-2;Llave inglesa Modelo 330;Accesorios de Construcción;254.93;465.06;FixMaster;Hogar;Seguridad;Plástico;12/6/2024;Verde;Llave inglesa;;;
MaxPro SRL;435;233434247-5;Guantes Modelo 412;Fijaciones y Anclajes;356.45;659.13;BuildPro;Profesional;Seguridad;Plástico;30/3/2024;Negro;Guantes;;11.0;
Construmax;436;631474463-6;Llave inglesa Modelo 724;Herramientas Manuales;81.7;121.94;PowerFix;Profesional;Neumática;Acero;27/2/2024;Naranja;Llave inglesa;;;
Construmax;437;367661966-8;Llave inglesa Modelo 219;Fijaciones y Anclajes;242.2;479.94;Construtek;Profesional;Neumática;Acero;9/2/2024;Verde;Llave inglesa;;5.0;
Construmax;438;062991740-X;Casco de seguridad Modelo 957;Herramientas Manuales;480.89;888.64;HardyWorks;Hogar;Neumática;Madera;21/5/2024;Azul;Casco de seguridad;;;
Construmax;439;825145145-0;Casco de seguridad Modelo 541;Herramientas Manuales;70.86;112.58;FerroMax;Hogar;Eléctrica;Acero;10/12/2024;Negro;Casco de seguridad;;;
MaxPro SRL;440;555548168-3;Guantes Modelo 695;Herramientas Eléctricas;479.0;858.77;BuildPro;Profesional;Medición;Plástico;29/2/2024;Negro;Guantes;;28.0;
MaxPro SRL;441;036575238-X;Tornillos Modelo 343;Herramientas Manuales;225.55;340.23;BuildPro;Profesional;Eléctrica;Goma;1/3/2024;Negro;Tornillos;;;
Construmax;442;671017210-4;Sierra Modelo 895;Equipos de Seguridad;489.82;785.65;MegaTool;Hogar;Medición;Plástico;9/4/2024;Amarillo;Sierra;;;
Construmax;443;206884643-8;Espátula Modelo 766;Equipos de Seguridad;424.07;546.78;Construtek;Hogar;Medición;Plástico;29/4/2024;Naranja;Espátula;;;
Construmax;444;885426424-5;Nivel Modelo 455;Herramientas Eléctricas;106.65;152.92;Renova;Hogar;Medición;Madera;20/7/2024;Gris;Nivel;;;
MaxPro SRL;445;835862862-5;Cinta métrica Modelo 253;Herramientas Eléctricas;67.57;117.65;Construtek;Hogar;Manual;Goma;19/6/2024;Negro;Cinta métrica;;;
Construmax;446;527135543-8;Destornillador Modelo 614;Accesorios de Construcción;78.52;111.03;FerroMax;Profesional;Medición;Goma;13/7/2024;Blanco;Destornillador;;;
Construmax;447;779226412-2;Destornillador Modelo 297;Accesorios de Construcción;335.72;478.55;Renova;Profesional;Medición;Acero;18/12/2024;Azul;Destornillador;;;
Construmax;448;463870746-7;Clavos Modelo 755;Fijaciones y Anclajes;114.94;214.78;TitanTools;Hogar;Neumática;Plástico;28/5/2024;Negro;Clavos;;;
Construmax;449;209336436-0;Martillo Modelo 851;Accesorios de Construcción;400.5;536.75;TitanTools;Profesional;Neumática;Madera;25/8/2024;Azul;Martillo;;;
MaxPro SRL;450;004305072-7;Casco de seguridad Modelo 187;Fijaciones y Anclajes;465.33;693.9;PowerFix;Hogar;Eléctrica;Goma;22/5/2024;Azul;Casco de seguridad;;;
MaxPro SRL;451;896579483-8;Destornillador Modelo 583;Herramientas Manuales;320.47;599.82;FixMaster;Profesional;Neumática;Aluminio;8/3/2024;Verde;Destornillador;;;
MaxPro SRL;452;376077573-X;Nivel Modelo 240;Equipos de Seguridad;419.47;518.84;MegaTool;Profesional;Eléctrica;Aluminio;22/12/2024;Gris;Nivel;;;
MaxPro SRL;453;601673397-0;Taladro Modelo 183;Accesorios de Construcción;209.37;404.44;BuildPro;Profesional;Eléctrica;Madera;22/4/2024;Verde;Taladro;;;
MaxPro SRL;454;591075490-4;Tornillos Modelo 389;Herramientas Manuales;215.65;393.77;HardyWorks;Profesional;Medición;Goma;30/4/2024;Naranja;Tornillos;;;
Construmax;455;708270445-3;Guantes Modelo 238;Herramientas Manuales;307.55;586.5;Structo;Profesional;Eléctrica;Acero;18/8/2024;Gris;Guantes;;;
Construmax;456;098859156-1;Taladro Modelo 376;Fijaciones y Anclajes;56.05;102.45;MegaTool;Hogar;Seguridad;Madera;3/7/2024;Naranja;Taladro;;;
MaxPro SRL;457;715331440-7;Llave inglesa Modelo 102;Herramientas Eléctricas;258.34;458.51;Renova;Profesional;Medición;Madera;9/4/2024;Naranja;Llave inglesa;;;
MaxPro SRL;458;056466554-1;Llave inglesa Modelo 127;Fijaciones y Anclajes;127.1;159.4;FerroMax;Profesional;Manual;Plástico;28/8/2024;Gris;Llave inglesa;;;
Construmax;459;716051921-3;Nivel Modelo 592;Accesorios de Construcción;371.29;512.78;TitanTools;Profesional;Manual;Madera;26/2/2024;Negro;Nivel;;;
Construmax;460;073588874-4;Casco de seguridad Modelo 287;Herramientas Eléctricas;417.46;743.82;Renova;Profesional;Eléctrica;Madera;28/11/2024;Verde;Casco de seguridad;;7.0;
MaxPro SRL;461;732083381-6;Espátula Modelo 306;Fijaciones y Anclajes;298.01;524.85;MegaTool;Hogar;Medición;Plástico;4/6/2024;Negro;Espátula;;41.0;
Construmax;462;965551915-5;Taladro Modelo 854;Accesorios de Construcción;314.06;603.5;FerroMax;Hogar;Manual;Goma;30/11/2024;Naranja;Taladro;;;
MaxPro SRL;463;887307009-4;Brocas Modelo 812;Accesorios de Construcción;60.4;83.46;BuildPro;Hogar;Medición;Acero;26/3/2024;Azul;Brocas;;;
Construmax;464;795834071-0;Cinta métrica Modelo 997;Equipos de Seguridad;414.03;555.13;Renova;Hogar;Medición;Acero;10/8/2024;Naranja;Cinta métrica;;;
MaxPro SRL;465;562242247-7;Brocas Modelo 770;Herramientas Manuales;270.11;377.49;BuildPro;Hogar;Neumática;Goma;20/10/2024;Azul;Brocas;;;
MaxPro SRL;466;388038880-6;Cinta métrica Modelo 302;Herramientas Manuales;79.42;134.05;FerroMax;Hogar;Neumática;Acero;18/7/2024;Blanco;Cinta métrica;;;
MaxPro SRL;467;291704897-2;Llave inglesa Modelo 127;Herramientas Manuales;442.25;551.83;PowerFix;Hogar;Eléctrica;Goma;16/3/2024;Negro;Llave inglesa;;;
Construmax;468;046088026-8;Cinta métrica Modelo 379;Herramientas Manuales;174.7;221.05;Structo;Hogar;Medición;Acero;2/12/2024;Naranja;Cinta métrica;;;
MaxPro SRL;469;516690810-4;Martillo Modelo 942;Fijaciones y Anclajes;294.29;422.4;Structo;Profesional;Neumática;Goma;30/10/2024;Rojo;Martillo;;;
MaxPro SRL;470;937401969-8;Pinza Modelo 681;Herramientas Manuales;145.87;284.27;Construtek;Profesional;Neumática;Plástico;13/6/2024;Naranja;Pinza;;48.0;
Construmax;471;257953361-3;Martillo Modelo 427;Herramientas Manuales;287.27;398.25;TitanTools;Hogar;Medición;Madera;28/3/2024;Blanco;Martillo;;;
MaxPro SRL;472;928412338-0;Clavos Modelo 457;Herramientas Manuales;427.94;553.9;HardyWorks;Profesional;Manual;Aluminio;19/5/2024;Naranja;Clavos;;;
MaxPro SRL;473;256772910-0;Nivel Modelo 136;Fijaciones y Anclajes;359.05;594.88;HardyWorks;Hogar;Seguridad;Goma;14/9/2024;Gris;Nivel;;;
MaxPro SRL;474;323340333-X;Tornillos Modelo 644;Equipos de Seguridad;190.97;260.11;Construtek;Hogar;Medición;Goma;12/9/2024;Gris;Tornillos;;;
Construmax;475;872476877-4;Clavos Modelo 505;Herramientas Eléctricas;376.02;679.15;PowerFix;Hogar;Medición;Aluminio;6/10/2024;Blanco;Clavos;;17.0;
Construmax;476;043819773-9;Destornillador Modelo 486;Fijaciones y Anclajes;355.25;672.78;MegaTool;Hogar;Seguridad;Madera;25/5/2024;Rojo;Destornillador;;;
MaxPro SRL;477;488752968-6;Martillo Modelo 816;Equipos de Seguridad;401.44;586.78;HardyWorks;Profesional;Eléctrica;Acero;11/4/2024;Azul;Martillo;;;
MaxPro SRL;478;520414547-8;Brocas Modelo 246;Herramientas Eléctricas;240.93;455.2;FerroMax;Profesional;Eléctrica;Acero;27/7/2024;Amarillo;Brocas;;;
MaxPro SRL;479;782189371-4;Casco de seguridad Modelo 131;Fijaciones y Anclajes;215.01;352.0;BuildPro;Hogar;Seguridad;Goma;4/11/2024;Rojo;Casco de seguridad;;;
MaxPro SRL;480;952052135-6;Casco de seguridad Modelo 358;Accesorios de Construcción;23.13;35.41;Structo;Hogar;Neumática;Plástico;21/3/2024;Azul;Casco de seguridad;;41.0;
MaxPro SRL;481;391605732-4;Brocas Modelo 593;Accesorios de Construcción;385.3;692.71;BuildPro;Profesional;Eléctrica;Goma;6/7/2024;Naranja;Brocas;;24.0;
MaxPro SRL;482;281080818-X;Llave inglesa Modelo 759;Herramientas Eléctricas;259.24;425.92;FixMaster;Hogar;Neumática;Acero;15/8/2024;Gris;Llave inglesa;;20.0;
MaxPro SRL;483;730186613-5;Brocas Modelo 658;Accesorios de Construcción;320.89;603.88;FixMaster;Hogar;Neumática;Aluminio;18/12/2024;Verde;Brocas;;;
MaxPro SRL;484;741337357-2;Brocas Modelo 865;Equipos de Seguridad;461.11;751.07;Renova;Hogar;Seguridad;Aluminio;3/1/2024;Blanco;Brocas;;37.0;
Construmax;485;994429092-0;Destornillador Modelo 890;Fijaciones y Anclajes;198.38;274.61;Structo;Hogar;Seguridad;Madera;12/3/2024;Amarillo;Destornillador;;;
Construmax;486;349829754-6;Tornillos Modelo 836;Herramientas Manuales;225.1;310.89;FixMaster;Profesional;Manual;Madera;21/6/2024;Gris;Tornillos;;7.0;
Construmax;487;893889756-7;Guantes Modelo 965;Accesorios de Construcción;334.98;551.12;HardyWorks;Profesional;Eléctrica;Goma;10/9/2024;Rojo;Guantes;;;
Construmax;488;301371151-5;Espátula Modelo 383;Fijaciones y Anclajes;406.32;630.88;MegaTool;Profesional;Medición;Madera;16/12/2024;Negro;Espátula;;;
Construmax;489;486417048-7;Clavos Modelo 501;Herramientas Manuales;145.05;228.01;BuildPro;Hogar;Neumática;Aluminio;10/4/2024;Rojo;Clavos;;;
Construmax;490;173125252-8;Taladro Modelo 540;Equipos de Seguridad;322.51;529.62;BuildPro;Profesional;Eléctrica;Acero;25/3/2024;Rojo;Taladro;;;
Construmax;491;281778627-0;Cutter Modelo 656;Herramientas Manuales;310.16;498.26;FixMaster;Hogar;Neumática;Goma;25/8/2024;Blanco;Cutter;;;
MaxPro SRL;492;141901498-6;Tornillos Modelo 212;Accesorios de Construcción;247.29;345.98;BuildPro;Hogar;Manual;Madera;26/12/2024;Blanco;Tornillos;;49.0;
Construmax;493;088290455-8;Tornillos Modelo 722;Accesorios de Construcción;48.89;67.7;Structo;Hogar;Seguridad;Acero;20/5/2024;Amarillo;Tornillos;;;
MaxPro SRL;494;403933815-4;Cutter Modelo 310;Accesorios de Construcción;207.18;397.06;HardyWorks;Hogar;Medición;Goma;26/3/2024;Naranja;Cutter;;;
Construmax;495;465058568-6;Llave inglesa Modelo 699;Fijaciones y Anclajes;221.48;407.78;Renova;Hogar;Medición;Goma;5/10/2024;Naranja;Llave inglesa;;;
MaxPro SRL;496;428049024-4;Clavos Modelo 576;Fijaciones y Anclajes;65.57;80.17;Structo;Profesional;Neumática;Plástico;4/5/2024;Amarillo;Clavos;;;
MaxPro SRL;497;006582699-X;Clavos Modelo 383;Herramientas Manuales;192.7;314.94;Structo;Profesional;Manual;Acero;27/2/2024;Rojo;Clavos;;23.0;
MaxPro SRL;498;928553759-6;Cinta métrica Modelo 796;Equipos de Seguridad;292.44;536.86;BuildPro;Hogar;Eléctrica;Acero;26/9/2024;Azul;Cinta métrica;;;
Construmax;499;067809333-4;Casco de seguridad Modelo 743;Herramientas Manuales;204.88;337.33;MegaTool;Profesional;Seguridad;Madera;15/8/2024;Negro;Casco de seguridad;;;
MaxPro SRL;500;310556853-0;Destornillador Modelo 300;Herramientas Manuales;407.73;812.03;HardyWorks;Hogar;Medición;Acero;28/12/2024;Negro;Destornillador;;32.0;
